id,FV,Y
Ashod,"[21, 48, 39, 7, 15, 47, 527]",0
3RB16,"[3, 17, 42, 3, 6, 39, 1111]",0
arunppsg,"[36, 113, 43, 3, 9, 40, 324]",0
Kislovskiy,"[0, 2, 19, 9, 19, 15, 169]",0
iremyux,"[0, 0, 2, 0, 10, 4, 17]",0
yakky,"[14, 44, 100, 20, 23, 49, 795]",0
ethaniunu,"[0, 0, 2, 0, 0, 0, 0]",0
ArkadiuszRaj,"[0, 0, 36, 0, 0, 3, 42]",0
andreidiaconu,"[13, 69, 37, 1, 2, 3, 27]",0
rposts,"[0, 0, 1, 0, 1, 1, 5]",0
s0vereign,"[3, 5, 18, 0, 0, 12, 177]",0
koniiiik,"[12, 38, 33, 0, 0, 26, 240]",0
bak1an,"[10, 45, 64, 0, 0, 68, 2103]",0
tomspur,"[7, 12, 41, 0, 0, 0, 0]",0
clementfarabet,"[455, 1387, 83, 0, 0, 0, 0]",0
ykddd,"[0, 0, 2, 0, 7, 1, 11]",0
AggarwalNeelesh,"[0, 0, 22, 0, 0, 16, 124]",0
foreg,"[3, 2, 38, 0, 2, 0, 4]",0
jianyuh,"[4, 9, 52, 0, 11, 40, 298]",0
Vk24-hash,"[0, 0, 16, 0, 0, 8, 65]",0
adrians,"[3, 3, 16, 1, 2, 4, 21]",0
albanD,"[41, 155, 47, 0, 2, 61, 1635]",0
Sidd1609,"[1, 4, 34, 0, 0, 5, 100]",0
wz337,"[31, 0, 26, 0, 8, 24, 197]",0
sujoysaraswati,"[0, 0, 13, 0, 2, 2, 14]",0
mjohnsullivan,"[424, 1691, 68, 0, 0, 1, 9]",0
MaigoAkisame,"[137, 498, 16, 0, 2, 2, 8]",0
izdeby,"[0, 0, 5, 0, 0, 0, 0]",0
xi,"[44, 203, 100, 2, 3, 49, 1197]",0
ydwu4,"[0, 1, 25, 0, 8, 10, 93]",0
ptrblck,"[128, 885, 18, 0, 15, 19, 128]",0
whchung,"[10, 9, 35, 1, 3, 14, 108]",0
GD06,"[12, 12, 20, 0, 5, 1, 8]",0
anwang2009,"[0, 2, 19, 9, 20, 7, 68]",0
ruslo,"[948, 3430, 15, 0, 1, 1, 19]",0
asmaloney,"[159, 379, 100, 5, 15, 58, 1374]",0
w-xinyi,"[0, 0, 0, 0, 0, 9, 43]",0
heidongxianhua,"[4, 5, 12, 0, 9, 9, 48]",0
dominikgrewe,"[1, 0, 9, 0, 0, 0, 0]",0
peterbell10,"[1, 7, 45, 0, 14, 57, 642]",0
josh11b,"[1, 3, 3, 0, 2, 32, 223]",0
gpoulter,"[31, 142, 9, 0, 0, 0, 0]",0
akulakov,"[202, 217, 44, 0, 0, 4, 21]",0
vmirly,"[65, 143, 36, 1, 4, 5, 56]",0
jiaxuzhu92,"[0, 0, 2, 0, 2, 3, 15]",0
xta0,"[41, 195, 60, 0, 0, 5, 37]",0
zsiciarz,"[348, 1201, 100, 0, 0, 4, 86]",0
piti118,"[16, 53, 97, 3, 5, 14, 117]",0
mikolajpabiszczak,"[0, 0, 3, 0, 4, 32, 619]",0
ajdawson,"[123, 310, 64, 0, 0, 0, 3]",0
valberg,"[8, 43, 64, 12, 22, 60, 1711]",0
hcwiley,"[8, 25, 78, 0, 0, 32, 501]",0
gottbrath,"[0, 0, 11, 0, 3, 0, 3]",0
simpleton,"[84, 290, 100, 0, 7, 11, 94]",0
itmorn,"[3, 26, 52, 0, 1, 24, 480]",0
coleman-isner-cmu,"[0, 0, 5, 0, 0, 3, 40]",0
hemansnation,"[596, 2923, 66, 0, 1, 57, 560]",0
rohan-varma,"[37, 66, 75, 0, 12, 57, 828]",0
pschuh,"[10, 39, 17, 0, 0, 29, 210]",0
shaoyf42,"[0, 0, 3, 0, 5, 2, 14]",0
mpcallanan,"[0, 0, 0, 0, 0, 21, 143]",0
shadow-smoke,"[0, 0, 6, 0, 0, 1, 15]",0
chunyuan-w,"[3, 3, 12, 0, 7, 35, 213]",0
sl-sergei,"[0, 0, 5, 0, 0, 0, 0]",0
glasnt,"[4, 17, 100, 9, 15, 67, 1293]",0
jdeblese,"[5, 27, 32, 0, 0, 0, 0]",0
DenisVieriu97,"[0, 0, 3, 2, 14, 41, 416]",0
sagunb,"[0, 0, 31, 0, 1, 11, 55]",0
bjhargrave,"[9, 9, 48, 34, 37, 56, 1259]",0
nmacchioni,"[0, 1, 8, 0, 12, 11, 64]",0
frost-intel,"[0, 0, 2, 0, 2, 2, 9]",0
perping,"[5, 7, 8, 0, 0, 0, 0]",0
tson1111,"[0, 5, 12, 0, 0, 25, 259]",0
dreiss,"[51, 149, 57, 0, 0, 7, 42]",0
egienvalue,"[18, 36, 25, 0, 6, 1, 8]",0
amitani,"[3, 8, 17, 0, 1, 42, 531]",0
arigon,"[0, 1, 8, 0, 0, 14, 233]",0
lkjell,"[1, 9, 12, 0, 0, 1, 13]",0
olokshyn,"[0, 4, 25, 0, 1, 2, 16]",0
heeres,"[41, 33, 10, 0, 0, 0, 0]",0
valentinandrei,"[3, 2, 3, 0, 5, 2, 15]",0
cuishuang,"[5, 5, 100, 0, 0, 0, 0]",0
jpmattern,"[7, 20, 11, 0, 0, 47, 380]",0
vollbier,"[0, 0, 1, 0, 0, 0, 1]",0
mmaraya,"[43, 134, 17, 48, 48, 25, 296]",0
sfroid,"[0, 0, 6, 0, 0, 0, 0]",0
guangyey,"[0, 0, 5, 0, 3, 5, 36]",0
Trundle,"[8, 70, 50, 1, 11, 19, 133]",0
prasanth1308,"[0, 0, 41, 0, 0, 4, 40]",0
neginraoof,"[2, 8, 19, 1, 3, 2, 16]",0
LindyBalboa,"[0, 0, 6, 0, 0, 1, 5]",0
Krovatkin,"[1, 1, 65, 0, 0, 35, 543]",0
Skylan0916,"[0, 0, 0, 0, 0, 0, 20]",0
GregoryAshton,"[32, 36, 56, 11, 11, 13, 252]",0
langmore,"[1, 3, 7, 0, 0, 1, 10]",0
Sarthak88-tech,"[2, 2, 18, 0, 0, 7, 142]",0
praveen2010,"[0, 0, 5, 0, 0, 0, 9]",0
Edald123,"[0, 0, 0, 0, 0, 0, 1]",0
meheffernan,"[0, 0, 0, 0, 0, 0, 0]",0
yoongkang,"[21, 110, 59, 0, 0, 5, 96]",0
KrzysiekJ,"[31, 99, 100, 0, 0, 0, 0]",0
uadnan,"[15, 15, 12, 0, 0, 60, 1629]",0
zasdfgbnm,"[45, 801, 14, 5, 11, 64, 891]",0
ismaelmazrooeinew,"[0, 0, 31, 0, 1, 3, 50]",0
maldil,"[4, 3, 100, 0, 1, 20, 368]",0
ZainRizvi,"[6, 7, 81, 0, 5, 56, 908]",0
johnnynunez,"[19, 37, 100, 0, 0, 49, 1306]",0
dabana,"[23, 45, 37, 0, 0, 0, 0]",0
tgucio,"[0, 0, 6, 2, 6, 16, 95]",0
ThejoVarma,"[0, 0, 2, 19, 39, 2, 25]",0
mattsoulanille,"[14, 56, 78, 8, 15, 60, 883]",0
simonseo,"[37, 107, 68, 0, 1, 20, 219]",0
salilsdesai,"[0, 0, 9, 0, 0, 22, 264]",0
jschueller,"[3, 7, 100, 1, 5, 67, 1669]",0
lennart0901,"[0, 0, 14, 0, 0, 0, 0]",0
ecotner,"[12, 51, 34, 0, 1, 48, 747]",0
bddppq,"[5, 6, 47, 1, 3, 15, 217]",0
oToToT,"[12, 37, 81, 3, 5, 28, 332]",0
ThiagoCunhaNexcore,"[0, 0, 1, 0, 1, 0, 3]",0
cristiano2011,"[0, 0, 1, 0, 0, 0, 4]",0
salindersidhu,"[6, 13, 14, 1, 2, 59, 971]",0
dsmilkov,"[9, 24, 10, 0, 0, 35, 446]",0
jithunnair-amd,"[0, 0, 22, 4, 7, 36, 252]",0
hrnr,"[227, 303, 51, 0, 0, 0, 0]",0
4m4n-x-B4w4ne,"[0, 0, 5, 0, 1, 1, 11]",0
jamesjmurtagh,"[0, 0, 2, 0, 0, 3, 42]",0
vlas-sokolov,"[12, 13, 26, 0, 0, 39, 775]",0
lattner,"[0, 0, 0, 4, 7, 87, 4364]",0
t-vi,"[138, 729, 44, 0, 11, 8, 61]",0
embray,"[17, 31, 100, 0, 1, 65, 2019]",0
siju-samuel,"[6, 19, 48, 0, 0, 0, 1]",0
nonchan7720,"[0, 3, 28, 3, 8, 86, 7873]",0
urikz,"[2, 9, 18, 0, 0, 0, 0]",0
julianreisch,"[0, 1, 21, 0, 0, 0, 3]",0
shintaro-iwasaki,"[5, 4, 37, 1, 11, 23, 185]",0
fgb,"[4, 7, 27, 0, 0, 0, 0]",0
fuzic,"[0, 1, 8, 0, 1, 0, 2]",0
yuantailing,"[149, 538, 64, 0, 3, 7, 73]",0
l-johnston,"[5, 14, 21, 0, 0, 6, 62]",0
andrecella,"[0, 1, 7, 0, 0, 2, 55]",0
yuanbyu,"[4, 1, 2, 0, 0, 0, 0]",0
yozhikoff,"[3, 15, 9, 0, 0, 2, 24]",0
shangdahao,"[0, 0, 32, 0, 0, 0, 0]",0
dbort,"[0, 0, 4, 0, 3, 6, 66]",0
jrjohansson,"[2218, 4012, 28, 0, 0, 0, 1]",0
khink,"[1, 5, 74, 0, 1, 4, 60]",0
kkoutris,"[0, 0, 2, 0, 0, 0, 3]",0
rca,"[271, 173, 100, 0, 0, 31, 994]",0
mugeshraj11,"[0, 14, 14, 0, 0, 4, 75]",0
TrishGillett,"[7, 13, 18, 0, 0, 34, 275]",0
bgamari,"[46, 250, 100, 6, 9, 52, 797]",0
Rahul-JOON,"[1, 5, 11, 0, 1, 5, 53]",0
Sarvesh-Kesharwani,"[2, 18, 97, 0, 27, 17, 259]",0
Rasori,"[2, 4, 8, 0, 0, 0, 3]",0
toggenation,"[7, 20, 74, 0, 22, 19, 346]",0
hzx123q,"[0, 0, 19, 0, 0, 1, 7]",0
GirkovArpa,"[22, 275, 100, 0, 0, 0, 0]",0
kwen2501,"[0, 0, 3, 7, 23, 43, 419]",0
elky,"[63, 665, 2, 0, 0, 13, 124]",0
keertip,"[0, 0, 41, 0, 0, 20, 110]",0
swamyDeshetty,"[0, 3, 9, 0, 0, 4, 61]",0
kittipatv,"[1, 1, 22, 0, 0, 0, 3]",0
dmkaplan2000,"[12, 16, 19, 0, 0, 4, 25]",0
yit-b,"[2, 2, 2, 0, 1, 0, 3]",0
njyee,"[0, 1, 4, 0, 1, 0, 4]",0
JoseAlba,"[20, 27, 28, 0, 0, 0, 1]",0
bas-aarts,"[0, 0, 6, 0, 1, 1, 13]",0
JackWolfard,"[1, 2, 20, 0, 4, 5, 38]",0
TianzeMYou,"[0, 0, 4, 0, 0, 1, 18]",0
CuriousLearner,"[194, 512, 100, 2, 3, 58, 858]",0
ubitux,"[72, 310, 48, 2, 4, 31, 691]",0
kthyng,"[65, 90, 100, 3, 6, 42, 1504]",0
linbinyu,"[0, 0, 2, 0, 0, 9, 72]",0
Zinal001,"[6, 15, 47, 0, 0, 2, 38]",0
PkLab,"[0, 0, 3, 0, 0, 0, 0]",0
aljosa,"[2, 4, 11, 0, 0, 6, 68]",0
vlt,"[0, 0, 31, 0, 0, 1, 11]",0
yash-gupta167,"[0, 0, 3, 0, 8, 3, 21]",0
matthiask,"[189, 1082, 100, 2, 3, 78, 7868]",0
dilililiwhy,"[2, 2, 16, 0, 1, 1, 20]",0
li-roy,"[1, 1, 4, 0, 0, 0, 3]",0
prasadve,"[1, 1, 6, 0, 0, 0, 0]",0
uwinsoftware,"[1, 0, 17, 0, 0, 0, 0]",0
nschloe,"[1237, 12063, 85, 6, 9, 97, 7618]",0
jerryzh168,"[2, 2, 22, 0, 4, 49, 692]",0
ankit-gautam23,"[0, 97, 49, 1, 2, 21, 857]",0
avikchaudhuri,"[1, 4, 9, 0, 5, 8, 87]",0
wanchaol,"[1, 2, 29, 0, 4, 57, 794]",0
jart,"[795, 18470, 100, 11, 12, 66, 1803]",0
johnthagen,"[277, 6320, 18, 10, 21, 37, 451]",0
TuNanTang,"[0, 0, 2, 1, 8, 1, 10]",0
dkua,"[74, 27, 76, 0, 0, 0, 3]",0
isdanni,"[11, 65, 95, 0, 12, 7, 49]",0
hkmatsumoto,"[1, 43, 45, 0, 2, 35, 354]",0
ArcTanSusan,"[5, 6, 26, 0, 0, 32, 624]",0
blzheng,"[0, 0, 10, 0, 6, 17, 107]",0
trpham,"[2, 5, 47, 0, 0, 0, 0]",0
dhood,"[27, 16, 96, 0, 0, 8, 126]",0
pydanny,"[602, 2814, 100, 0, 0, 46, 827]",0
Addax101,"[3, 5, 67, 0, 0, 41, 626]",0
kdavies4,"[42, 99, 18, 0, 0, 0, 0]",0
hamogu,"[14, 21, 100, 1, 10, 41, 405]",0
Jokeren,"[77, 386, 100, 2, 8, 60, 613]",0
smithsp,"[4, 1, 26, 0, 0, 55, 857]",0
edin1,"[2, 2, 22, 0, 0, 0, 3]",0
jaskirat8,"[3, 0, 34, 0, 0, 0, 4]",0
henrytansetiawan,"[3, 0, 5, 0, 0, 0, 2]",0
solvents,"[0, 0, 4, 0, 0, 0, 0]",0
mattip,"[20, 74, 100, 6, 10, 74, 1512]",0
viswanathgs,"[47, 248, 47, 0, 0, 46, 425]",0
dmrahmd,"[2, 1, 14, 1, 2, 4, 52]",0
SeninAndrew,"[0, 0, 18, 0, 0, 0, 0]",0
timsneath,"[102, 520, 100, 2, 9, 51, 1369]",0
breedlun,"[1, 2, 2, 1, 1, 2, 13]",0
parafin,"[0, 0, 1, 0, 0, 9, 76]",0
srjoglekar246,"[15, 21, 19, 0, 0, 0, 1]",0
chengzhou9,"[0, 0, 4, 0, 1, 0, 3]",0
drgomesp,"[74, 570, 68, 0, 1, 51, 1028]",0
zhangyujing,"[0, 0, 2, 0, 0, 0, 0]",0
DanilBaibak,"[48, 104, 37, 3, 14, 27, 210]",0
pennzht,"[1, 2, 33, 0, 1, 4, 53]",0
andreaskoepf,"[72, 150, 18, 7, 10, 52, 1144]",0
lpcy,"[0, 1, 5, 1, 3, 0, 7]",0
vallsv,"[2, 4, 58, 2, 8, 18, 133]",0
kkolur76,"[0, 0, 3, 0, 2, 1, 5]",0
ryclarke,"[4, 3, 4, 0, 0, 0, 0]",0
zqigolden,"[3, 7, 30, 0, 1, 3, 20]",0
VitalyFedyunin,"[0, 0, 11, 0, 0, 16, 206]",0
ds84182,"[27, 125, 100, 0, 5, 8, 56]",0
syfiqhr,"[0, 0, 5, 0, 1, 1, 10]",0
Ahmad627,"[0, 1, 4, 2, 9, 3, 28]",0
baravkareknath,"[0, 0, 1, 0, 0, 0, 2]",0
vanbasten23,"[0, 0, 15, 3, 10, 35, 259]",0
pedromassango,"[481, 1918, 100, 0, 1, 50, 670]",0
iotamudelta,"[4, 6, 42, 4, 10, 18, 168]",0
JanobRais,"[0, 0, 11, 0, 2, 2, 14]",0
AlekseiNikiforovIBM,"[0, 0, 5, 0, 16, 6, 44]",0
digantdesai,"[0, 1, 10, 0, 3, 12, 103]",0
dcramer,"[1476, 4119, 100, 0, 0, 29, 726]",0
ispirmustafa,"[0, 0, 2, 0, 0, 0, 0]",0
memmett,"[22, 77, 34, 0, 0, 0, 3]",0
qchateau,"[26, 149, 29, 0, 0, 46, 454]",0
sohero,"[0, 0, 11, 0, 0, 0, 0]",0
facebook-github-bot,"[28, 48, 1, 1, 6, 96, 4624]",0
pjh5,"[0, 4, 17, 0, 0, 0, 0]",0
CoolDude53,"[2, 2, 20, 2, 6, 33, 355]",0
kaganzdmr58,"[0, 0, 4, 0, 2, 2, 18]",0
CamDavidsonPilon,"[8951, 30076, 90, 5, 5, 77, 1782]",0
elmoiv,"[78, 407, 100, 1, 3, 23, 263]",0
trentlo,"[0, 0, 11, 0, 0, 0, 0]",0
HabermannR,"[0, 0, 3, 0, 3, 0, 4]",0
gomeskdt,"[0, 0, 3, 0, 1, 1, 24]",0
sbokov,"[0, 0, 3, 0, 0, 0, 0]",0
DrNightmare,"[2, 4, 21, 13, 26, 4, 131]",0
hiteshbedre,"[25, 1, 100, 1, 13, 33, 567]",0
wswld,"[0, 5, 11, 1, 1, 46, 494]",0
bcail,"[0, 0, 38, 1, 2, 42, 415]",0
yanboliang,"[18, 50, 10, 0, 9, 59, 653]",0
jpnurmi,"[137, 309, 100, 12, 30, 85, 5573]",0
yewentao256,"[1, 45, 17, 0, 13, 19, 125]",0
justinchuby,"[22, 29, 87, 2, 3, 77, 2117]",0
minddrummer,"[11, 11, 42, 0, 1, 0, 3]",0
aguss787,"[4, 4, 22, 0, 0, 29, 444]",0
Belyklarry,"[1, 1, 35, 0, 0, 7, 193]",0
impjdi,"[0, 0, 0, 0, 0, 0, 3]",0
ksc1583,"[0, 0, 6, 0, 0, 7, 58]",0
khushi-411,"[6, 16, 39, 2, 7, 42, 363]",0
vdboor,"[18, 51, 60, 0, 0, 20, 317]",0
MeghnaNatraj,"[4, 4, 25, 0, 0, 2, 10]",0
shabda,"[25, 128, 59, 0, 0, 12, 228]",0
seanlatias,"[0, 5, 14, 0, 4, 2, 9]",0
yash1200,"[27, 183, 48, 0, 1, 70, 2194]",0
cccclai,"[4, 0, 8, 0, 0, 12, 71]",0
brianegan,"[2172, 11204, 100, 0, 0, 0, 0]",0
openrichardfb,"[0, 0, 3, 0, 7, 2, 16]",0
ahcub,"[10, 52, 41, 0, 0, 0, 0]",0
kkimdev,"[13, 40, 40, 0, 0, 59, 2071]",0
OrestChura,"[0, 0, 10, 1, 9, 30, 262]",0
jreiffers,"[0, 0, 2, 0, 0, 31, 509]",0
angjieli,"[0, 0, 2, 0, 0, 0, 0]",0
aaronenyeshi,"[1, 2, 32, 0, 9, 33, 262]",0
maxiloEmmmm,"[6, 7, 24, 0, 0, 19, 162]",0
kshramt,"[19, 66, 100, 4, 8, 4, 29]",0
magnunor,"[3, 33, 38, 0, 0, 4, 38]",0
dlo,"[13, 81, 100, 1, 1, 74, 2062]",0
ilia-cher,"[0, 0, 3, 0, 0, 0, 0]",0
wkschwartz,"[6, 18, 29, 0, 0, 33, 1031]",0
samestep,"[7, 36, 30, 2, 5, 51, 1218]",0
jgong5,"[0, 1, 9, 0, 2, 50, 562]",0
WindQAQ,"[90, 317, 23, 0, 0, 0, 0]",0
jakevdp,"[920, 1676, 100, 0, 12, 69, 1751]",0
hanbinyoon,"[0, 0, 0, 0, 0, 8, 43]",0
nsait-linaro,"[2, 1, 52, 0, 1, 5, 31]",0
JuMoGar,"[0, 0, 1, 0, 0, 0, 2]",0
Djacon,"[0, 2, 14, 0, 6, 24, 201]",0
ejguan,"[0, 4, 24, 1, 6, 54, 903]",0
KKould,"[5, 70, 21, 1, 3, 13, 95]",0
idning,"[120, 345, 67, 0, 1, 1, 10]",0
carverde,"[0, 0, 3, 0, 0, 1, 8]",0
fduwjj,"[3, 0, 29, 1, 10, 37, 328]",0
cbalioglu,"[1, 1, 10, 4, 6, 12, 105]",0
RohitSgh,"[0, 0, 13, 2, 13, 90, 729]",0
codewithmanas,"[0, 0, 55, 5, 11, 21, 359]",0
guspan-tanadi,"[0, 1, 79, 0, 15, 12, 374]",0
jjsjann123,"[3, 1, 41, 1, 6, 60, 580]",0
soininen,"[0, 0, 0, 15, 25, 45, 933]",0
bwasti,"[106, 1368, 100, 1, 1, 33, 575]",0
rdzhabarov,"[1, 0, 6, 0, 0, 9, 66]",0
wernerfb,"[0, 0, 3, 0, 0, 0, 0]",0
bertmaher,"[4, 9, 28, 0, 9, 21, 147]",0
mohblnk,"[0, 0, 0, 1, 5, 1, 4]",0
zhxchen17,"[0, 10, 17, 0, 5, 18, 119]",0
z71258847,"[0, 0, 10, 0, 3, 0, 4]",0
bellmj,"[0, 0, 20, 0, 0, 0, 0]",0
catarinacosta23,"[0, 0, 3, 0, 1, 0, 3]",0
KommuSoft,"[37, 119, 54, 3, 10, 41, 715]",0
bjcohen,"[2, 8, 17, 0, 0, 21, 177]",0
ShadoWarrior59,"[0, 0, 1, 0, 3, 0, 3]",0
akashdasp,"[0, 3, 43, 0, 2, 12, 144]",0
chr1sj0nes,"[1, 5, 20, 0, 0, 16, 150]",0
guyang3532,"[1, 3, 14, 1, 2, 5, 25]",0
nisargthakkar,"[11, 7, 29, 3, 7, 24, 188]",0
alhaad,"[1, 2, 6, 0, 0, 0, 3]",0
SamuelMarks,"[23, 24, 100, 0, 2, 98, 1241]",0
colesbury,"[105, 2504, 100, 0, 5, 26, 1225]",0
ppiskorski,"[0, 0, 3, 0, 2, 1, 6]",0
toastdriven,"[442, 2532, 100, 0, 0, 40, 922]",0
mrterry,"[77, 48, 40, 0, 0, 1, 7]",0
xqbumu,"[2, 18, 100, 4, 7, 56, 972]",0
ayermolo,"[3, 2, 8, 0, 1, 2, 21]",0
ryancheley,"[8, 48, 77, 19, 26, 46, 988]",0
ajindal1,"[1, 1, 21, 0, 3, 7, 64]",0
mateoradman,"[0, 5, 13, 5, 10, 28, 502]",0
wconstab,"[1, 6, 27, 0, 5, 55, 716]",0
AoD314,"[1, 5, 35, 0, 0, 7, 38]",0
kumpera,"[26, 103, 61, 0, 4, 32, 299]",0
IvanKobzarev,"[2, 1, 25, 0, 9, 14, 83]",0
catalanojuan,"[10, 11, 27, 7, 12, 1, 16]",0
Aidyn-A,"[1, 3, 6, 0, 12, 23, 119]",0
dbrgn,"[288, 841, 100, 10, 15, 47, 1000]",0
Lukman-bot,"[3, 3, 13, 1, 3, 76, 6983]",0
nataliesampsell,"[0, 0, 4, 0, 0, 0, 0]",0
wbigat,"[0, 0, 1, 0, 16, 2, 12]",0
XDaoHong,"[0, 0, 6, 0, 6, 1, 10]",0
ahhmedsafwat,"[0, 0, 27, 0, 1, 8, 225]",0
jray319,"[5, 2, 15, 0, 0, 0, 0]",0
mrdevdhingra,"[0, 1, 27, 0, 3, 8, 63]",0
jlblancoc,"[705, 2468, 59, 3, 6, 85, 3343]",0
hugovk,"[6, 20, 100, 5, 7, 95, 5294]",0
danielsadri,"[0, 0, 1, 0, 0, 0, 3]",0
tomhennigan,"[9, 37, 29, 0, 0, 12, 69]",0
soumith,"[3730, 17573, 100, 1, 5, 28, 248]",0
tugsbayasgalan,"[3, 4, 18, 0, 4, 26, 180]",0
kir0ul,"[1, 5, 52, 0, 0, 31, 218]",0
jspark1105,"[5, 10, 34, 0, 4, 13, 93]",0
ferhatb,"[0, 1, 17, 0, 0, 0, 2]",0
HennerM,"[1, 0, 26, 0, 4, 9, 76]",0
caizhi-mt,"[0, 0, 8, 0, 8, 4, 25]",0
chrisby,"[21, 189, 18, 0, 0, 6, 29]",0
LJRFOX,"[0, 1, 3, 0, 1, 2, 15]",0
yhcharles,"[1, 3, 17, 0, 5, 21, 164]",0
ppwwyyxx,"[1429, 5429, 78, 0, 13, 51, 417]",0
TopsDesk,"[0, 0, 10, 0, 0, 0, 0]",0
bjacob,"[3, 8, 26, 8, 23, 45, 557]",0
basharovV,"[21, 332, 19, 0, 0, 17, 187]",0
tim-mccurrach,"[1, 5, 15, 0, 0, 49, 489]",0
imalsogreg,"[28, 66, 100, 0, 2, 22, 276]",0
raghuramank100,"[0, 0, 3, 0, 0, 0, 0]",0
nalibl,"[0, 2, 9, 0, 0, 0, 2]",0
takimata,"[0, 0, 6, 0, 0, 2, 15]",0
min-jean-cho,"[0, 1, 6, 2, 4, 25, 171]",0
liuxing6666,"[0, 0, 3, 0, 0, 0, 0]",0
AlexV525,"[39, 73, 100, 6, 17, 97, 3475]",0
sjindel-google,"[0, 0, 6, 0, 0, 0, 0]",0
aghassemi,"[25, 43, 49, 0, 0, 0, 0]",0
Inconnu08,"[35, 192, 99, 0, 0, 8, 79]",0
math-a3k,"[28, 77, 45, 5, 12, 36, 652]",0
cdzhan,"[1, 0, 3, 0, 3, 1, 5]",0
lantiankaikai,"[0, 0, 1, 0, 5, 1, 7]",0
mpetroff,"[856, 4504, 35, 0, 0, 5, 28]",0
tobias47n9e,"[24, 29, 68, 0, 0, 3, 22]",0
itaraban,"[0, 0, 3, 1, 7, 3, 17]",0
Bin1024,"[0, 0, 2, 0, 2, 0, 4]",0
mdboom,"[10, 49, 100, 1, 2, 54, 1578]",0
lamberta,"[294, 1018, 16, 0, 0, 0, 6]",0
Happy-Bang,"[0, 0, 3, 0, 0, 0, 3]",0
GritsenkoSerge,"[0, 0, 4, 0, 2, 54, 1467]",0
shaibalmuhtadee,"[1, 0, 12, 0, 0, 10, 212]",0
H-Yin,"[1, 0, 25, 0, 0, 4, 29]",0
DCtheTall,"[79, 314, 51, 0, 1, 28, 201]",0
sywangyi,"[1, 0, 11, 0, 9, 25, 141]",0
IClementI,"[0, 0, 4, 0, 0, 0, 8]",0
Matt-Deacalion,"[32, 288, 42, 0, 0, 3, 28]",0
moez-saidi,"[2, 21, 9, 0, 0, 61, 923]",0
navahgar,"[0, 1, 8, 3, 5, 8, 34]",0
dnguyen28061,"[0, 3, 7, 0, 0, 0, 0]",0
IshankGulati,"[16, 42, 32, 0, 0, 70, 1224]",0
lehuylxag1995,"[0, 0, 9, 0, 1, 2, 13]",0
kobigurk,"[83, 183, 100, 1, 6, 26, 376]",0
freanorm,"[0, 0, 2, 0, 1, 0, 4]",0
huydhn,"[8, 48, 24, 2, 11, 65, 1638]",0
amir4v,"[0, 1, 24, 2, 7, 27, 365]",0
loganthomas,"[1, 4, 18, 5, 13, 59, 2494]",0
LeszekSwirski,"[57, 137, 41, 0, 0, 0, 2]",0
leeonadoh,"[3, 1, 14, 0, 0, 0, 0]",0
talumbau,"[63, 24, 37, 0, 0, 0, 5]",0
944095635,"[679, 2307, 22, 0, 1, 21, 313]",0
nima10khodaveisi,"[0, 0, 25, 0, 4, 4, 32]",0
cybershiptrooper,"[2, 0, 21, 0, 5, 9, 110]",0
skarakulak,"[1, 12, 11, 0, 1, 1, 5]",0
JacobSzwejbka,"[0, 0, 5, 0, 5, 9, 40]",0
anijain2305,"[1, 3, 14, 0, 6, 63, 862]",0
wangpengmit,"[9, 29, 20, 0, 0, 5, 24]",0
plopresti,"[0, 0, 6, 0, 2, 1, 5]",0
es0m,"[5, 3, 28, 0, 1, 0, 2]",0
xiaomengy,"[1, 5, 12, 4, 9, 26, 550]",0
z-a-f,"[60, 130, 100, 0, 0, 18, 159]",0
Gy-Lu,"[0, 1, 12, 4, 11, 16, 128]",0
eliteraspberries,"[4, 22, 50, 0, 0, 8, 108]",0
ssnl,"[160, 1206, 77, 1, 1, 56, 1755]",0
jamienunez,"[0, 0, 14, 0, 0, 1, 11]",0
amroamroamro,"[7, 13, 15, 0, 0, 0, 0]",0
petehuang,"[0, 0, 5, 0, 0, 0, 0]",0
lly-zero-one,"[1, 0, 19, 0, 0, 1, 6]",0
kvathupo,"[3, 2, 11, 0, 5, 11, 72]",0
yo08,"[1, 0, 4, 0, 0, 0, 0]",0
akshaya-hub,"[0, 0, 35, 2, 17, 12, 98]",0
garwoodpr,"[2, 2, 17, 0, 0, 0, 0]",0
nadavrot,"[43, 930, 12, 0, 2, 20, 448]",0
omsitapara23,"[3, 14, 59, 0, 0, 0, 3]",0
gepcel,"[0, 10, 48, 0, 0, 1, 5]",0
Ninja91,"[13, 17, 22, 0, 1, 0, 3]",0
tfunatomi,"[0, 0, 9, 0, 0, 1, 9]",0
dzdang,"[1, 0, 7, 0, 0, 13, 94]",0
davidberard98,"[1, 7, 38, 0, 9, 56, 735]",0
mzajko,"[0, 0, 2, 0, 0, 0, 0]",0
EikanWang,"[0, 1, 20, 0, 2, 29, 208]",0
Jonassavas,"[0, 0, 4, 3, 14, 19, 296]",0
vimal-polymagelabs,"[0, 0, 1, 0, 0, 0, 0]",0
yeosingng,"[0, 0, 10, 0, 0, 0, 0]",0
shourya5,"[1, 2, 20, 1, 3, 11, 116]",0
zaunist,"[30, 34, 13, 2, 11, 28, 233]",0
froody,"[0, 4, 35, 0, 0, 8, 41]",0
magomimmo,"[11, 127, 100, 0, 0, 0, 1]",0
AkM-2018,"[1, 1, 17, 0, 0, 1, 17]",0
adazh,"[0, 0, 3, 0, 0, 2, 13]",0
mikeiovine,"[0, 2, 6, 0, 0, 38, 423]",0
rhcarvalho,"[20, 70, 100, 0, 5, 80, 1743]",0
Gaurav-jo1,"[3, 79, 32, 0, 1, 53, 653]",0
NinadBhat,"[0, 0, 5, 0, 0, 29, 330]",0
PixelToast,"[43, 517, 71, 6, 12, 29, 608]",0
SS-JIA,"[0, 0, 14, 0, 4, 22, 385]",0
harouwu,"[3, 4, 32, 0, 0, 0, 0]",0
negotoyolo,"[0, 0, 2, 0, 9, 17, 237]",0
augustvanhout,"[0, 0, 4, 0, 0, 1, 8]",0
shingjan,"[0, 8, 31, 2, 7, 29, 264]",0
koraykv,"[77, 182, 22, 0, 0, 0, 0]",0
kanishkanarch,"[4, 11, 42, 0, 0, 16, 138]",0
qris,"[17, 39, 59, 0, 1, 4, 35]",0
vkuzo,"[0, 6, 4, 0, 6, 31, 221]",0
SamQxd,"[0, 0, 5, 2, 12, 7, 81]",0
qihqi,"[5, 14, 46, 0, 3, 25, 135]",0
ksv87,"[0, 0, 7, 0, 3, 1, 17]",0
xwang233,"[23, 89, 28, 3, 16, 20, 163]",0
stas00,"[46, 585, 100, 0, 2, 63, 1081]",0
AyaanHyder,"[0, 0, 5, 0, 1, 1, 10]",0
yuguo68,"[0, 1, 4, 0, 9, 14, 71]",0
mablue,"[22, 84, 52, 1, 6, 9, 77]",0
jasonjk-park,"[0, 0, 3, 0, 4, 1, 5]",0
cocoa-xu,"[27, 332, 81, 7, 8, 56, 2234]",0
kiersten-stokes,"[0, 0, 26, 0, 19, 35, 217]",0
StefanBruens,"[45, 195, 100, 0, 0, 21, 168]",0
fd0r,"[2, 0, 24, 0, 10, 23, 134]",0
jonashaag,"[246, 3082, 100, 3, 6, 66, 1194]",0
rbdlabhaifa,"[0, 5, 14, 1, 2, 4, 131]",0
Gamrix,"[3, 9, 29, 0, 2, 30, 257]",0
code-review-doctor,"[2, 0, 100, 0, 0, 2, 8]",0
lbt,"[38, 52, 100, 0, 4, 7, 70]",0
voznesenskym,"[0, 2, 62, 0, 3, 77, 1038]",0
Mehedi24434,"[1, 0, 22, 0, 1, 5, 50]",0
saloni346,"[0, 0, 5, 0, 0, 1, 15]",0
liamappelbe,"[3, 53, 13, 0, 1, 51, 1031]",0
elgrhy,"[0, 0, 22, 0, 1, 10, 110]",0
mikaylagawarecki,"[0, 0, 6, 0, 5, 28, 254]",0
jprabhas,"[0, 0, 2, 0, 1, 1, 9]",0
artemkons,"[0, 0, 18, 0, 0, 17, 195]",0
alvarosg,"[16, 69, 21, 0, 0, 1, 6]",0
treyhunner,"[75, 200, 100, 3, 6, 81, 4919]",0
shogohida,"[4, 1, 89, 10, 15, 71, 1850]",0
jovany-wang,"[14, 44, 39, 1, 9, 44, 395]",0
theOehrly,"[160, 1613, 10, 2, 2, 23, 194]",0
lcskrishna,"[32, 41, 79, 1, 14, 10, 72]",0
digiter,"[0, 0, 1, 0, 0, 6, 45]",0
ZhongYingMatrix,"[0, 0, 13, 0, 4, 1, 8]",0
hoodmane,"[14, 32, 91, 6, 14, 77, 1637]",0
dmgt,"[8, 3, 47, 0, 0, 0, 0]",0
mantaionut,"[1, 0, 6, 0, 12, 13, 111]",0
gpsinghsandhu,"[66, 97, 21, 0, 0, 0, 6]",0
elmarb,"[4, 19, 5, 0, 0, 0, 1]",0
Maratyszcza,"[828, 4350, 39, 5, 5, 53, 631]",0
sabxp,"[0, 0, 0, 0, 2, 0, 3]",0
Abdul-Miraj,"[0, 0, 3, 0, 0, 1, 9]",0
ShawnChen1996,"[1, 3, 22, 0, 0, 0, 0]",0
SeaOtocinclus,"[0, 0, 7, 0, 9, 11, 113]",0
cshimmin,"[11, 11, 58, 0, 2, 14, 245]",0
udbhav1,"[3, 11, 13, 0, 2, 14, 105]",0
esvhd,"[32, 87, 39, 0, 0, 1, 12]",0
ArtyomGitAccount,"[0, 0, 0, 0, 1, 0, 1]",0
take-cheeze,"[30, 55, 100, 2, 14, 45, 649]",0
guangy10,"[0, 0, 1, 0, 2, 6, 27]",0
NmomoN,"[0, 0, 3, 0, 4, 1, 7]",0
dubey,"[16, 225, 9, 0, 0, 0, 0]",0
Tetragramm,"[16, 47, 22, 1, 2, 15, 99]",0
lw,"[35, 62, 32, 0, 3, 5, 31]",0
Chizkiyahu,"[2, 9, 7, 3, 5, 65, 2512]",0
dilverse,"[0, 0, 9, 2, 4, 19, 159]",0
Kariddi,"[0, 2, 6, 0, 0, 15, 68]",0
omidshababdev,"[0, 14, 14, 0, 1, 26, 715]",0
mohamedmohamedy,"[1, 9, 15, 0, 1, 22, 382]",0
nurskurmanbekov,"[0, 26, 5, 11, 23, 7, 116]",0
robert-ancell,"[25, 61, 100, 6, 9, 60, 1568]",0
AyanmoI,"[0, 0, 2, 0, 11, 2, 20]",0
Yugue,"[1, 2, 19, 0, 0, 4, 21]",0
nikitaved,"[0, 2, 9, 0, 2, 41, 280]",0
dcmarcu,"[0, 0, 5, 0, 0, 0, 0]",0
jaeyoo,"[1, 7, 12, 7, 19, 8, 145]",0
krishnajalan,"[2, 0, 46, 0, 0, 3, 35]",0
ryansburgoyne,"[0, 0, 3, 0, 1, 1, 7]",0
olasitarska,"[23, 28, 38, 0, 0, 18, 190]",0
Uran198,"[3, 5, 28, 0, 0, 0, 0]",0
SilverGlad,"[0, 0, 7, 0, 1, 1, 13]",0
ojeda-e,"[0, 3, 27, 0, 0, 14, 107]",0
udbhavsomani,"[5, 2, 26, 0, 2, 19, 435]",0
Xia-Weiwen,"[10, 12, 8, 0, 7, 26, 132]",0
stevemessick,"[2, 1, 11, 9, 13, 33, 378]",0
Rakesh890,"[0, 1, 15, 0, 1, 1, 20]",0
jamaliki,"[0, 0, 14, 0, 3, 61, 2691]",0
jperezrua,"[29, 96, 52, 1, 1, 1, 10]",0
keveman,"[23, 93, 9, 0, 0, 2, 36]",0
evanberkowitz,"[15, 27, 57, 1, 3, 42, 508]",0
markusaksli-nc,"[0, 1, 4, 0, 0, 2, 16]",0
islem-esi,"[17, 62, 8, 0, 1, 6, 128]",0
mgester,"[0, 0, 1, 0, 0, 8, 46]",0
xqwzts,"[323, 1188, 38, 0, 0, 0, 3]",0
co63oc,"[0, 2, 27, 0, 4, 26, 352]",0
McDic,"[2, 29, 13, 10, 20, 3, 76]",0
ani300,"[2, 4, 16, 3, 11, 5, 47]",0
adrn,"[48, 161, 100, 7, 14, 54, 1282]",0
Tagrenam,"[0, 0, 7, 0, 0, 0, 5]",0
Fi5t,"[26, 275, 69, 0, 0, 0, 0]",0
cesarbrunoms,"[0, 0, 7, 2, 5, 16, 283]",0
Shift321,"[0, 0, 18, 0, 1, 7, 136]",0
joelostblom,"[12, 15, 100, 1, 2, 54, 842]",0
kyoto7250,"[0, 0, 63, 0, 1, 74, 1435]",0
sramesh750,"[0, 0, 2, 0, 0, 0, 0]",0
NCBee,"[0, 0, 2, 0, 0, 0, 0]",0
mkustermann,"[4, 17, 23, 2, 3, 31, 261]",0
ysiraichi,"[9, 21, 20, 0, 4, 12, 92]",0
anton-bushuiev,"[0, 0, 13, 0, 6, 39, 531]",0
tbicr,"[127, 735, 35, 0, 0, 76, 578]",0
medivh-xp,"[0, 0, 1, 0, 8, 2, 12]",0
joncasdam,"[5, 5, 31, 0, 0, 4, 22]",0
emchristiansen,"[27, 76, 88, 0, 2, 8, 57]",0
mpashchenkov,"[0, 0, 8, 0, 0, 1, 7]",0
stefraynaud,"[6, 4, 11, 1, 3, 4, 22]",0
mega-optimus,"[0, 0, 1, 0, 1, 3, 16]",0
itziakos,"[0, 1, 44, 2, 5, 50, 896]",0
ljk53,"[23, 126, 13, 0, 0, 1, 9]",0
DhruvaPatil98,"[2, 0, 14, 0, 1, 0, 4]",0
BowenBao,"[26, 67, 61, 0, 4, 53, 636]",0
jb-leger,"[4, 16, 22, 0, 0, 1, 20]",0
illia-v,"[0, 3, 43, 1, 8, 11, 78]",0
Tre0207,"[0, 4, 5, 0, 1, 0, 1]",0
evanandresen,"[0, 0, 6, 0, 1, 4, 35]",0
hmeine,"[48, 123, 60, 0, 0, 20, 372]",0
ajyu,"[0, 3, 5, 0, 0, 0, 1]",0
wilsingosti,"[0, 0, 0, 0, 0, 19, 88]",0
jacotec,"[1, 0, 12, 0, 2, 16, 96]",0
haojunsong-08,"[0, 0, 6, 0, 5, 1, 16]",0
fkorotkov,"[14, 4, 100, 8, 15, 84, 1874]",0
dorafc,"[4, 7, 23, 0, 0, 0, 0]",0
chuanqi129,"[1, 0, 21, 2, 4, 44, 419]",0
DanHickstein,"[16, 14, 42, 2, 3, 7, 66]",0
vfdev-5,"[27, 107, 100, 4, 10, 71, 1952]",0
krawthekrow,"[13, 34, 32, 2, 6, 8, 155]",0
marvins,"[21, 15, 17, 0, 0, 3, 16]",0
lara-hdr,"[1, 0, 9, 0, 0, 0, 0]",0
zhuhaozhe,"[0, 0, 10, 0, 1, 40, 412]",0
killeent,"[2, 1, 29, 0, 0, 0, 0]",0
gmagogsfm,"[0, 13, 16, 0, 6, 5, 28]",0
xuzhao9,"[14, 54, 67, 0, 2, 60, 616]",0
fakeYan,"[0, 0, 10, 0, 7, 5, 26]",0
leafpetersen,"[14, 32, 16, 0, 0, 16, 136]",0
Zzhenping,"[0, 0, 2, 0, 1, 1, 9]",0
AkhilThaneeru,"[0, 0, 2, 0, 0, 0, 4]",0
yusufm,"[0, 1, 13, 0, 9, 4, 41]",0
ryanbelt,"[0, 0, 18, 0, 0, 0, 0]",0
rob-guo,"[0, 0, 2, 0, 1, 0, 9]",0
dskhudia,"[0, 3, 9, 1, 4, 26, 148]",0
ditman,"[8, 9, 23, 0, 5, 48, 437]",0
EbruAyyorgun,"[0, 0, 5, 0, 1, 1, 6]",0
franciscojma86,"[1, 3, 17, 0, 0, 0, 1]",0
GP4cK,"[3, 0, 23, 0, 7, 59, 1418]",0
RamiSJ12,"[46, 97, 64, 0, 2, 8, 65]",0
larryliu0820,"[6, 8, 36, 0, 1, 23, 139]",0
csummersea,"[0, 0, 3, 0, 0, 0, 2]",0
AllenJonathan,"[0, 0, 9, 0, 0, 9, 89]",0
BabaYaga1221,"[0, 24, 22, 0, 8, 7, 45]",0
clelland,"[25, 76, 71, 3, 4, 9, 91]",0
mikebrow,"[4, 3, 65, 4, 6, 37, 308]",0
emmamastro,"[0, 0, 6, 0, 1, 2, 19]",0
joelbitar,"[0, 0, 16, 0, 2, 43, 705]",0
BruceKangCN,"[3, 15, 42, 0, 0, 3, 19]",0
parson-harness,"[0, 0, 39, 1, 6, 14, 170]",0
tbennun,"[206, 509, 37, 5, 13, 53, 875]",0
Rohitrky2021,"[0, 2, 47, 0, 12, 10, 189]",0
bduick,"[0, 0, 3, 0, 0, 0, 0]",0
romansyroezhkin,"[0, 0, 2, 0, 0, 0, 0]",0
zhangzheming52,"[0, 0, 2, 0, 0, 0, 0]",0
izaitsevfb,"[0, 0, 5, 2, 17, 22, 154]",0
vors,"[77, 654, 95, 0, 0, 0, 0]",0
desertfire,"[0, 0, 6, 0, 6, 55, 831]",0
hyeygit,"[0, 0, 4, 0, 0, 0, 0]",0
syed-ahmed,"[24, 27, 54, 0, 4, 8, 72]",0
pepompeu,"[0, 0, 2, 0, 1, 0, 3]",0
indirectlylit,"[0, 6, 67, 0, 0, 5, 38]",0
Kashishgoyal6300,"[2, 1, 11, 2, 5, 2, 23]",0
kflu,"[32, 109, 94, 0, 6, 13, 133]",0
felixdivo,"[3, 6, 38, 0, 8, 21, 342]",0
jfurtek,"[0, 0, 8, 0, 0, 2, 22]",0
dafanasiev,"[5, 2, 77, 0, 0, 1, 7]",0
Adil-Ibragimov,"[0, 0, 4, 0, 0, 0, 0]",0
aswinj18,"[0, 0, 2, 0, 2, 0, 3]",0
Thillerer,"[0, 0, 4, 0, 0, 1, 5]",0
alimuldal,"[41, 103, 34, 0, 0, 1, 5]",0
osalpekar,"[9, 11, 52, 1, 15, 40, 527]",0
duc0,"[37, 226, 16, 0, 0, 3, 14]",0
kbuyukakyuz,"[0, 0, 12, 0, 0, 5, 72]",0
andresy,"[37, 103, 23, 0, 0, 0, 0]",0
burhonjonturdaliyev,"[0, 15, 14, 0, 1, 22, 255]",0
yinghai,"[1, 3, 28, 0, 3, 12, 84]",0
bastibe,"[643, 3787, 61, 1, 1, 11, 78]",0
mobando,"[0, 0, 2, 0, 0, 0, 0]",0
yukitteru,"[1, 0, 10, 0, 0, 8, 102]",0
Arup3201,"[0, 3, 9, 0, 0, 4, 63]",0
nilsreichardt,"[21, 19, 100, 13, 25, 89, 4103]",0
leimao,"[291, 912, 100, 1, 2, 98, 450]",0
andrewjesaitis,"[9, 27, 38, 0, 0, 20, 251]",0
tfsingh,"[0, 0, 9, 0, 8, 23, 272]",0
leslie-fang-intel,"[4, 3, 15, 0, 0, 42, 393]",0
26Saksham,"[1, 0, 27, 0, 0, 5, 96]",0
fionalang,"[0, 0, 2, 0, 0, 19, 167]",0
kmader,"[29, 77, 100, 0, 0, 0, 0]",0
Blackhex,"[2, 2, 24, 1, 4, 18, 148]",0
svekars,"[2, 2, 34, 3, 7, 88, 2450]",0
PaliC,"[2, 3, 12, 8, 25, 43, 499]",0
niconoe,"[4, 13, 26, 0, 1, 37, 780]",0
johnhaitas,"[0, 36, 26, 0, 1, 0, 4]",0
esprehn,"[29, 101, 29, 0, 0, 0, 1]",0
jvzammit,"[0, 3, 11, 0, 6, 64, 1888]",0
hrushikeshrv,"[19, 27, 21, 5, 10, 60, 640]",0
yair-ehrenwald,"[1, 0, 4, 0, 0, 0, 0]",0
divyam3897,"[47, 117, 25, 0, 0, 17, 114]",0
842974287,"[1, 0, 13, 0, 5, 8, 41]",0
dansuh17,"[105, 314, 78, 0, 0, 27, 149]",0
renyou,"[0, 0, 6, 0, 0, 0, 0]",0
LukeConfait,"[0, 8, 9, 0, 2, 17, 176]",0
ajithvallabai,"[48, 135, 77, 0, 4, 10, 118]",0
ojanvafai,"[1, 4, 17, 0, 0, 0, 1]",0
Raab70,"[4, 4, 32, 0, 0, 46, 546]",0
tricoder42,"[1, 0, 2, 0, 0, 43, 858]",0
kilakewe,"[2, 1, 16, 0, 0, 4, 49]",0
zaccharieramzi,"[95, 259, 97, 2, 6, 54, 1782]",0
misterBart,"[0, 0, 1, 0, 0, 1, 5]",0
rebeccajhampton,"[0, 0, 11, 0, 2, 4, 44]",0
migeed-z,"[6, 3, 19, 0, 0, 10, 91]",0
vlasvlasvlas,"[4, 17, 100, 0, 0, 14, 276]",0
ilyasher,"[0, 1, 21, 2, 7, 8, 79]",0
B3rn475,"[34, 61, 30, 0, 0, 1, 9]",0
superman32432432,"[0, 0, 0, 0, 0, 0, 0]",0
bdice,"[9, 21, 100, 2, 6, 77, 2682]",0
jarekwg,"[0, 0, 13, 1, 1, 71, 2777]",0
SakhnevichKirill,"[1, 5, 12, 0, 0, 4, 40]",0
tarun292,"[0, 0, 5, 0, 2, 0, 2]",0
nairbv,"[4, 8, 15, 0, 1, 1, 13]",0
ajtulloch,"[454, 1950, 100, 0, 0, 4, 29]",0
razarmehr,"[0, 0, 2, 8, 24, 44, 386]",0
Bogusik,"[0, 1, 4, 3, 6, 1, 24]",0
prattmic,"[45, 176, 84, 0, 1, 38, 371]",0
abhinavsagar,"[892, 1263, 12, 0, 2, 8, 188]",0
Johnoris,"[0, 0, 34, 5, 11, 25, 527]",0
sidrao2006,"[14, 17, 24, 0, 0, 1, 8]",0
kangwang1988,"[95, 446, 38, 0, 0, 2, 10]",0
Marco4763,"[2, 2, 21, 0, 8, 24, 143]",0
er91,"[0, 0, 0, 0, 0, 0, 0]",0
royarg02,"[10, 11, 49, 8, 17, 21, 414]",0
pruthvistony,"[0, 0, 54, 7, 14, 43, 374]",0
albertodev01,"[17, 107, 6, 0, 0, 11, 166]",0
thangktran,"[0, 1, 16, 1, 4, 11, 144]",0
avidews,"[0, 0, 1, 0, 0, 0, 3]",0
clee2000,"[0, 0, 6, 2, 15, 59, 972]",0
cfackler,"[9, 19, 10, 0, 0, 0, 0]",0
txxia,"[2, 14, 21, 0, 0, 6, 35]",0
akamali,"[0, 9, 6, 0, 1, 8, 77]",0
phoenixsqf,"[0, 0, 5, 0, 0, 0, 6]",0
shihaohong,"[81, 23, 100, 0, 0, 1, 13]",0
lsaudon,"[3, 22, 18, 18, 31, 35, 561]",0
yiliu30,"[0, 0, 25, 0, 0, 0, 0]",0
Mattia-Vicari,"[0, 0, 4, 0, 0, 15, 338]",0
sun51,"[0, 0, 3, 0, 0, 1, 6]",0
jayxiaojieshi,"[0, 0, 0, 0, 0, 0, 0]",0
Hip-po,"[0, 1, 2, 0, 0, 49, 1538]",0
Westacular,"[4, 2, 18, 0, 0, 0, 2]",0
kushanam,"[0, 0, 4, 0, 6, 6, 38]",0
shengyu7697,"[19, 38, 99, 0, 1, 24, 300]",0
nairb774,"[9, 32, 57, 0, 1, 48, 4609]",0
catap,"[7, 35, 100, 0, 6, 87, 2113]",0
pearu,"[135, 309, 30, 0, 2, 51, 486]",0
mfkasim1,"[29, 89, 45, 2, 7, 9, 73]",0
jbmohler,"[69, 119, 45, 0, 0, 16, 145]",0
jeffdaily,"[57, 289, 35, 1, 8, 35, 266]",0
solarissmoke,"[39, 102, 5, 0, 1, 8, 50]",0
carsongee,"[47, 94, 53, 1, 3, 48, 640]",0
mrshenli,"[6, 11, 61, 0, 2, 36, 454]",0
ahmadmustafaanis,"[46, 109, 28, 0, 4, 12, 84]",0
dirkgr,"[4, 2, 57, 4, 10, 54, 1503]",0
jfbu,"[1, 3, 20, 2, 2, 29, 439]",0
cyyever,"[13, 40, 100, 0, 4, 93, 3787]",0
aritzlc,"[0, 0, 3, 0, 0, 0, 0]",0
CedricPicron,"[1, 3, 6, 0, 1, 1, 10]",0
wwwind,"[0, 2, 12, 0, 2, 1, 8]",0
the-best-is-best,"[12, 27, 68, 0, 2, 41, 736]",0
rsalmaso,"[8, 18, 100, 0, 0, 53, 1499]",0
pytorchmergebot,"[1, 2, 1, 0, 22, 85, 1212]",0
Ali-Fadaei,"[0, 5, 7, 1, 5, 33, 363]",0
andrewnester,"[18, 31, 40, 4, 9, 22, 361]",0
vishwakftw,"[11, 24, 19, 0, 0, 0, 0]",0
yf225,"[7, 6, 53, 0, 1, 10, 59]",0
xw285cornell,"[0, 0, 14, 0, 12, 11, 57]",0
akshayka,"[36, 58, 21, 4, 7, 56, 1069]",0
hchau630,"[6, 10, 9, 0, 1, 3, 18]",0
tanios13,"[0, 0, 14, 4, 11, 5, 158]",0
StefanBrand,"[0, 5, 36, 0, 3, 9, 62]",0
aniasusual,"[0, 0, 3, 0, 0, 0, 4]",0
pbelevich,"[9, 11, 40, 0, 0, 44, 1084]",0
casperdcl,"[52, 560, 100, 1, 4, 64, 1148]",0
figureConan,"[0, 0, 1, 0, 0, 0, 1]",0
minho42,"[0, 1, 4, 0, 1, 36, 609]",0
sclarkson,"[0, 0, 6, 0, 1, 1, 10]",0
mahdiramazani,"[7, 205, 42, 15, 32, 28, 546]",0
danielenricocahall,"[23, 104, 64, 0, 0, 10, 98]",0
AbhisekOmkar,"[31, 21, 100, 0, 1, 1, 9]",0
inglesp,"[57, 269, 100, 7, 14, 42, 522]",0
jataylo,"[0, 2, 13, 0, 10, 35, 400]",0
esauser2,"[0, 0, 2, 0, 4, 1, 8]",0
inclement,"[259, 844, 63, 2, 4, 1, 10]",0
Notsfsssf,"[409, 7175, 39, 6, 7, 30, 223]",0
IAL32,"[12, 44, 50, 0, 1, 22, 216]",0
dsr-lab,"[1, 3, 11, 0, 2, 2, 23]",0
euphrat,"[1, 1, 2, 0, 0, 0, 0]",0
Zac-HD,"[43, 194, 100, 10, 14, 74, 1286]",0
thiagocrepaldi,"[9, 14, 22, 0, 1, 30, 207]",0
fnaimi66,"[0, 0, 3, 0, 0, 0, 4]",0
chaekit,"[1, 25, 12, 0, 4, 11, 76]",0
penguin-wwy,"[46, 186, 55, 0, 5, 22, 181]",0
sindunuragarp,"[0, 0, 2, 0, 0, 55, 1445]",0
Kinza-Raza,"[0, 9, 17, 0, 0, 1, 7]",0
paulkirow,"[1, 0, 19, 2, 5, 67, 2073]",0
burmako,"[0, 0, 4, 10, 15, 63, 1443]",0
xiaoxiaowesley,"[0, 1, 25, 0, 2, 4, 23]",0
theonlykingpin,"[0, 0, 96, 13, 24, 46, 378]",0
tfeher,"[0, 1, 10, 0, 4, 28, 168]",0
idan,"[139, 902, 99, 1, 1, 30, 355]",0
vBlackOut,"[5, 29, 88, 0, 1, 3, 45]",0
stefanv,"[42, 116, 100, 3, 10, 53, 1042]",0
Chillee,"[119, 750, 85, 0, 5, 61, 956]",0
JGoutin,"[9, 46, 22, 0, 0, 14, 246]",0
ornob39,"[2, 2, 10, 0, 1, 4, 27]",0
jonahfang,"[6, 1, 15, 0, 0, 0, 2]",0
matthewelmer,"[0, 1, 15, 0, 0, 9, 64]",0
samsontmr,"[7, 14, 33, 0, 0, 4, 22]",0
i-deal,"[0, 0, 6, 0, 0, 1, 17]",0
cota,"[33, 62, 48, 0, 0, 16, 230]",0
eellison,"[1, 8, 17, 0, 9, 55, 693]",0
tg-at-google,"[0, 0, 1, 0, 0, 0, 0]",0
guptapriya,"[0, 1, 2, 0, 0, 0, 0]",0
XilunWu,"[0, 1, 30, 0, 5, 19, 160]",0
njzjz,"[35, 148, 100, 7, 27, 94, 3008]",0
nzjrs,"[152, 368, 63, 0, 0, 0, 0]",0
jjlilley,"[0, 0, 3, 0, 0, 0, 0]",0
rapsealk,"[4, 12, 100, 2, 10, 65, 746]",0
lezcano,"[52, 725, 19, 0, 3, 67, 787]",0
Shubh2003,"[0, 0, 16, 0, 1, 8, 75]",0
kimishpatel,"[0, 0, 10, 0, 1, 21, 238]",0
VoidxHoshi,"[0, 0, 1, 0, 0, 0, 0]",1
64kramsystem,"[30, 154, 100, 10, 20, 86, 3903]",1
daniilS,"[2, 0, 11, 0, 3, 8, 82]",1
smithdc1,"[7, 0, 53, 8, 22, 29, 351]",1
shawnwang18,"[0, 0, 11, 0, 2, 5, 21]",1
Tai78641,"[0, 0, 3, 0, 5, 2, 9]",1
jacobtylerwalls,"[0, 0, 27, 2, 9, 86, 2658]",1
DWesl,"[1, 4, 55, 3, 10, 18, 185]",1
chenchongsong,"[0, 6, 21, 0, 3, 4, 18]",1
SergeyIvanov87,"[2, 9, 14, 3, 6, 12, 107]",1
colin99d,"[1, 12, 34, 5, 15, 84, 3215]",1
Vertexwahn,"[9, 97, 58, 1, 19, 34, 582]",1
pdblasi-google,"[0, 0, 5, 0, 2, 18, 157]",1
hellodoge,"[0, 21, 27, 0, 0, 0, 0]",1
shtern,"[0, 2, 12, 0, 1, 0, 3]",1
SourajitaDewasi,"[6, 28, 23, 0, 0, 40, 311]",1
stewartmiles,"[1, 6, 16, 0, 3, 3, 22]",1
roxanebellot,"[0, 0, 10, 0, 1, 1, 6]",1
Bakdolot,"[1, 0, 20, 0, 4, 4, 35]",1
nvlcambier,"[0, 0, 2, 0, 0, 12, 271]",1
su77ungr,"[3, 15, 21, 0, 3, 11, 328]",1
dennisvang,"[3, 43, 15, 1, 4, 15, 313]",1
godofredoc,"[1, 3, 28, 0, 10, 62, 1066]",1
lrhn,"[27, 78, 84, 2, 5, 48, 418]",1
crcrpar,"[57, 225, 99, 1, 6, 47, 398]",1
duanqn,"[12, 14, 68, 0, 3, 12, 74]",1
sashashura,"[0, 7, 100, 0, 0, 0, 0]",1
masa-iwm,"[0, 1, 5, 0, 0, 1, 4]",1
chingjun,"[35, 99, 36, 0, 0, 0, 0]",1
L04DB4L4NC3R,"[140, 274, 100, 0, 0, 0, 9]",1
linsui,"[2, 16, 32, 0, 6, 54, 442]",1
Dasio,"[8, 10, 15, 1, 2, 16, 496]",1
adamchainz,"[22, 164, 100, 33, 33, 87, 7274]",1
mtoohey31,"[9, 95, 72, 0, 3, 68, 1045]",1
timhoffm,"[17, 19, 47, 8, 12, 70, 1237]",1
zhaojuanmao,"[0, 0, 2, 1, 6, 27, 219]",1
devashishshankar,"[4, 19, 16, 0, 6, 36, 299]",1
heathhenley,"[0, 4, 25, 4, 8, 50, 1078]",1
othakkar,"[0, 0, 4, 0, 3, 14, 110]",1
josephjosedev,"[2, 3, 100, 0, 0, 20, 337]",1
JiriKr,"[0, 0, 5, 0, 3, 2, 14]",1
panicofr,"[0, 0, 7, 0, 2, 5, 36]",1
jmagman,"[3, 2, 30, 0, 4, 56, 1195]",1
speza,"[1, 4, 22, 0, 0, 0, 3]",1
hellohuanlin,"[0, 1, 15, 0, 2, 38, 300]",1
ioridev,"[31, 78, 83, 0, 3, 54, 1067]",1
mcr229,"[0, 0, 5, 0, 8, 15, 121]",1
HollowMan6,"[444, 733, 87, 4, 14, 53, 558]",1
avoskoboinyk-lohika,"[0, 0, 5, 0, 1, 4, 25]",1
danopdev,"[2, 40, 16, 0, 0, 23, 380]",1
soulitzer,"[1, 0, 28, 0, 9, 49, 514]",1
mdfaijul,"[0, 0, 6, 0, 1, 7, 37]",1
kianelbo,"[4, 35, 25, 0, 0, 11, 93]",1
flusheDData,"[0, 0, 1, 0, 16, 12, 116]",1
kiszk,"[31, 64, 46, 0, 18, 22, 166]",1
sj6219,"[1, 1, 31, 0, 1, 10, 72]",1
Jasguerrero,"[0, 0, 5, 4, 15, 25, 133]",1
lucasricci,"[0, 0, 16, 3, 8, 11, 159]",1
gengteng,"[10, 44, 46, 0, 2, 11, 80]",1
meena-at-work,"[0, 0, 2, 0, 0, 7, 39]",1
eplankin,"[0, 0, 2, 0, 4, 0, 5]",1
e-nikolov,"[4, 18, 81, 3, 3, 15, 228]",1
timgraham,"[16, 27, 64, 6, 17, 21, 140]",1
0x100001,"[2, 0, 7, 0, 0, 3, 67]",1
Ichini24,"[0, 0, 13, 0, 0, 0, 6]",1
gaurides,"[0, 0, 5, 0, 3, 8, 52]",1
2ykwang,"[7, 23, 34, 1, 2, 78, 1910]",1
RishabhSpark,"[13, 21, 28, 2, 3, 30, 797]",1
heavyrain-lzy,"[0, 3, 15, 1, 5, 25, 243]",1
simolus3,"[658, 3368, 64, 1, 2, 81, 1282]",1
r2d3,"[1, 0, 27, 0, 0, 24, 282]",1
RelatedTitle,"[1, 2, 6, 0, 1, 8, 48]",1
jruizaranguren,"[2, 15, 34, 18, 21, 4, 95]",1
eracah,"[35, 72, 44, 4, 12, 33, 287]",1
robrighter,"[411, 1629, 68, 0, 2, 3, 22]",1
syre,"[6, 15, 29, 0, 4, 2, 25]",1
gokberkgunes,"[4, 11, 14, 0, 2, 9, 89]",1
fgoudreault,"[3, 2, 18, 0, 3, 3, 19]",1
ef-end-y,"[29, 63, 12, 0, 1, 1, 17]",1
shihanng,"[15, 145, 100, 13, 20, 82, 969]",1
tacaly,"[0, 0, 3, 0, 0, 0, 0]",1
divy9881,"[9, 8, 62, 0, 0, 1, 67]",1
lyeeeee,"[0, 0, 15, 0, 0, 0, 2]",1
yosephkudo,"[0, 2, 24, 0, 0, 1, 6]",1
bleroux,"[2, 0, 21, 0, 8, 34, 208]",1
annagrin,"[1, 2, 18, 1, 3, 43, 540]",1
felker,"[6, 13, 100, 4, 7, 41, 601]",1
shabnamsadegh,"[1, 8, 13, 0, 0, 0, 8]",1
103yiran,"[8, 39, 47, 0, 0, 1, 8]",1
anthepro,"[7, 26, 6, 0, 0, 24, 240]",1
polina-c,"[23, 68, 19, 4, 7, 71, 1152]",1
drisspg,"[0, 0, 19, 0, 1, 49, 489]",1
benbarsdell,"[5, 32, 18, 1, 6, 7, 55]",1
ratnampa,"[0, 0, 0, 0, 0, 2, 11]",1
Albert221,"[132, 481, 37, 6, 11, 64, 3325]",1
perpetual-hydrofoil,"[13, 57, 100, 0, 0, 0, 3]",1
EmPablo,"[0, 0, 2, 0, 0, 0, 0]",1
whyvra,"[8, 43, 8, 2, 5, 2, 14]",1
katre,"[4, 3, 9, 0, 15, 22, 171]",1
ashiqimranintel,"[0, 0, 5, 0, 1, 8, 57]",1
NRaudseps,"[0, 0, 23, 0, 0, 1, 7]",1
zihaomu,"[17, 87, 31, 0, 4, 34, 261]",1
neelofer,"[0, 0, 7, 0, 0, 0, 0]",1
Piinks,"[7, 38, 57, 0, 1, 47, 649]",1
moffatman,"[9, 70, 32, 0, 0, 66, 1308]",1
aroldanz,"[0, 0, 5, 0, 0, 0, 0]",1
jefromyers,"[0, 4, 12, 6, 13, 50, 1420]",1
knyghty,"[15, 42, 32, 9, 13, 57, 1035]",1
Wwupup,"[0, 4, 12, 0, 4, 17, 157]",1
mlourakis,"[5, 8, 10, 0, 0, 2, 17]",1
boxed,"[119, 1298, 100, 11, 14, 74, 1676]",1
kyle-mccarthy,"[92, 629, 98, 4, 14, 55, 1012]",1
wenscarl,"[0, 0, 19, 0, 4, 16, 137]",1
chriscavalluzzi,"[0, 2, 5, 0, 0, 15, 166]",1
tfranzel,"[196, 1676, 13, 4, 5, 38, 367]",1
carltongibson,"[829, 4296, 100, 4, 8, 66, 1321]",1
rogday,"[2, 3, 30, 0, 0, 12, 84]",1
drah,"[2, 5, 46, 0, 0, 0, 4]",1
Renzo-Olivares,"[15, 12, 63, 0, 5, 30, 194]",1
KagamineP,"[1, 0, 19, 0, 1, 5, 75]",1
KoxSosen,"[14, 17, 53, 0, 0, 5, 40]",1
jeroenhd,"[5, 85, 8, 0, 1, 1, 11]",1
j1642,"[0, 0, 7, 0, 0, 44, 503]",1
greglucas,"[11, 17, 35, 3, 3, 50, 837]",1
SET19724,"[0, 0, 2, 0, 0, 0, 0]",1
stopmosk,"[0, 0, 17, 0, 0, 23, 363]",1
songwei163,"[3, 6, 31, 0, 0, 4, 37]",1
ViktorOn,"[5, 6, 61, 0, 5, 26, 296]",1
Srini511,"[0, 0, 1, 0, 0, 10, 69]",1
junbinhe,"[0, 0, 50, 0, 4, 3, 20]",1
DanTup,"[131, 409, 100, 0, 3, 64, 1391]",1
gasman,"[243, 1353, 100, 2, 12, 63, 2204]",1
mateusztabaka,"[0, 0, 8, 5, 18, 28, 174]",1
Roman-787,"[0, 0, 2, 0, 0, 0, 0]",1
dnicolodi,"[2, 8, 43, 3, 11, 45, 712]",1
Kumataro,"[0, 0, 7, 0, 3, 4, 25]",1
ErikXu,"[170, 302, 100, 0, 0, 23, 319]",1
jkhsjdhjs,"[15, 52, 48, 0, 8, 13, 137]",1
tangyang9464,"[0, 1, 34, 0, 1, 11, 87]",1
LucasLLC,"[0, 0, 3, 0, 2, 1, 8]",1
tailsu,"[19, 35, 52, 0, 0, 1, 18]",1
beroso,"[2, 2, 37, 0, 8, 33, 654]",1
mattbahr,"[0, 0, 7, 0, 0, 4, 38]",1
sunshinemyson,"[14, 20, 62, 18, 22, 32, 228]",1
vinila21,"[0, 0, 2, 0, 6, 12, 163]",1
SoftwareMagicIT,"[2, 2, 37, 0, 0, 2, 17]",1
vicsyl,"[0, 2, 15, 0, 0, 20, 224]",1
ibrasho,"[1, 10, 21, 0, 0, 19, 591]",1
ramvikrams,"[15, 4, 26, 0, 8, 27, 226]",1
tfpf,"[1, 12, 40, 0, 0, 71, 1390]",1
rydmike,"[112, 856, 49, 2, 5, 63, 1753]",1
pmalhaire,"[20, 35, 45, 0, 0, 2, 19]",1
hasanrashid,"[0, 0, 5, 0, 1, 1, 7]",1
b7woreo,"[9, 34, 31, 4, 7, 13, 121]",1
NicKoehler,"[35, 104, 34, 4, 10, 36, 506]",1
venkat2469,"[0, 0, 13, 0, 20, 13, 108]",1
natebosch,"[90, 853, 52, 7, 12, 57, 953]",1
lilohuang,"[40, 210, 68, 2, 3, 3, 16]",1
Yoonnyy,"[0, 0, 2, 0, 0, 2, 20]",1
zhizheng1,"[0, 0, 3, 0, 1, 11, 127]",1
mackopes,"[3, 2, 23, 0, 3, 45, 1189]",1
neg-c,"[0, 0, 8, 11, 22, 8, 119]",1
guidezpl,"[13, 19, 27, 14, 16, 49, 1196]",1
bigfootjon,"[3, 3, 27, 0, 20, 67, 1361]",1
acumen1005,"[37, 105, 34, 0, 1, 24, 173]",1
vpisarev,"[19, 89, 15, 4, 10, 28, 180]",1
AleksandrPanov,"[46, 3, 41, 0, 0, 22, 143]",1
sivanov-work,"[0, 0, 5, 0, 1, 2, 13]",1
gnprice,"[29, 120, 79, 3, 3, 49, 1337]",1
bernaferrari,"[438, 6006, 29, 0, 2, 44, 483]",1
kevmoo,"[167, 770, 100, 4, 11, 80, 3105]",1
ale-rinaldi,"[1, 2, 10, 1, 1, 5, 32]",1
ayushbisht2001,"[5, 24, 87, 0, 2, 19, 273]",1
open-trade,"[99, 238, 42, 2, 3, 4, 33]",1
vrabaud,"[119, 209, 100, 0, 3, 13, 77]",1
mdebbar,"[42, 92, 56, 0, 12, 40, 403]",1
tkram01,"[0, 0, 12, 0, 0, 1, 8]",1
jernejs,"[7, 1, 8, 0, 0, 1, 7]",1
darkterminal,"[1, 5, 100, 4, 10, 39, 1015]",1
hterkelsen,"[10, 16, 45, 6, 17, 25, 215]",1
ymodak,"[0, 0, 14, 0, 2, 2, 23]",1
yjbanov,"[214, 303, 97, 2, 9, 44, 382]",1
KrystianGraba,"[0, 1, 27, 0, 0, 6, 53]",1
takis,"[4, 38, 38, 0, 8, 2, 22]",1
inayd,"[0, 0, 1, 0, 0, 1, 4]",1
sturkmen72,"[121, 268, 20, 0, 0, 6, 42]",1
liyue201,"[285, 1441, 100, 2, 2, 40, 419]",1
yeatse,"[299, 1230, 36, 1, 2, 11, 114]",1
bkonyi,"[208, 390, 29, 4, 4, 47, 518]",1
meisenger,"[0, 0, 1, 0, 0, 0, 5]",1
Davide-sd,"[40, 128, 34, 5, 8, 39, 563]",1
Xhy-5000,"[3, 6, 37, 0, 0, 8, 72]",1
fuzunspm,"[0, 1, 6, 0, 1, 42, 491]",1
alalek,"[18, 21, 20, 0, 3, 56, 833]",1
AyushBherwani1998,"[37, 65, 100, 2, 5, 60, 1219]",1
justinmc,"[227, 977, 100, 1, 5, 50, 627]",1
chenjunnn,"[63, 431, 16, 2, 3, 12, 183]",1
shibayan,"[404, 2432, 97, 18, 28, 53, 859]",1
meteorcloudy,"[2, 32, 90, 5, 11, 48, 823]",1
gzmkl,"[0, 0, 5, 0, 3, 6, 29]",1
TheLumbee,"[0, 0, 9, 0, 0, 2, 13]",1
WenyXu,"[11, 83, 90, 1, 7, 61, 1315]",1
edisonwang03,"[0, 0, 14, 1, 7, 5, 77]",1
Carreau,"[21, 58, 100, 18, 22, 81, 4885]",1
chinmaygarde,"[106, 744, 100, 0, 3, 77, 1480]",1
haohuanw,"[1, 1, 23, 0, 0, 0, 3]",1
jonyhy96,"[10, 6, 81, 0, 2, 3, 29]",1
Sefriol,"[2, 4, 29, 3, 6, 12, 163]",1
bu3w,"[0, 1, 6, 0, 1, 1, 8]",1
terryheo,"[0, 0, 7, 0, 4, 22, 124]",1
seanm,"[22, 67, 61, 0, 10, 20, 227]",1
ToasterUwU,"[3, 15, 15, 0, 1, 24, 237]",1
Higgs32584,"[0, 1, 50, 0, 4, 10, 186]",1
isagalaev,"[162, 796, 13, 0, 1, 0, 3]",1
exitflynn,"[14, 15, 58, 0, 3, 26, 295]",1
Dmitri-Sintsov,"[38, 173, 44, 0, 2, 30, 256]",1
select-case,"[1, 0, 11, 0, 0, 3, 23]",1
loic-sharma,"[603, 2685, 100, 4, 10, 63, 928]",1
zdevito,"[145, 734, 32, 0, 9, 27, 217]",1
tatwaichong,"[0, 1, 4, 0, 4, 4, 22]",1
Redion,"[0, 0, 2, 0, 0, 0, 1]",1
chenbaiyu0414,"[22, 23, 22, 7, 13, 52, 1143]",1
joshualitt,"[0, 0, 11, 13, 24, 45, 392]",1
gitatmax,"[0, 19, 5, 0, 2, 5, 50]",1
9oya,"[5, 16, 33, 19, 38, 14, 326]",1
ColeBurch,"[1, 0, 16, 1, 2, 12, 215]",1
Marvvxi,"[0, 0, 5, 0, 0, 7, 79]",1
DarkSorrow,"[2, 1, 27, 0, 1, 6, 85]",1
aboubezari,"[0, 0, 1, 0, 1, 1, 7]",1
hsluoyz,"[134, 237, 75, 5, 7, 78, 1303]",1
llonchj,"[48, 143, 100, 1, 2, 1, 20]",1
kwanghoon-meta,"[0, 0, 2, 0, 4, 4, 19]",1
RadostW,"[5, 8, 23, 0, 2, 11, 145]",1
ninedraft,"[7, 83, 100, 0, 1, 12, 190]",1
jansel,"[157, 409, 42, 0, 2, 84, 2025]",1
sanoopsugathan,"[0, 0, 2, 0, 0, 0, 0]",1
Julian-Sz,"[0, 0, 14, 0, 0, 1, 12]",1
pglotov,"[1, 5, 20, 0, 0, 0, 1]",1
andiariffin,"[0, 0, 1, 0, 1, 0, 6]",1
adamjstewart,"[31, 90, 53, 12, 15, 95, 3278]",1
fredmheir,"[0, 0, 4, 0, 0, 15, 145]",1
mateusfccp,"[17, 50, 19, 2, 5, 8, 51]",1
cdennison,"[0, 0, 15, 0, 0, 1, 4]",1
RoboTux,"[1, 1, 4, 0, 6, 2, 12]",1
PhilippSeitz,"[0, 1, 16, 0, 0, 0, 1]",1
Giebisch,"[2, 6, 13, 0, 0, 13, 141]",1
hzcyf,"[0, 1, 19, 0, 1, 2, 15]",1
cfRod,"[0, 1, 6, 2, 7, 9, 56]",1
ericpre,"[8, 13, 100, 12, 22, 49, 1093]",1
hangyujin,"[0, 0, 9, 0, 11, 22, 132]",1
MichaDit,"[0, 0, 7, 0, 0, 1, 10]",1
aalmasmari,"[0, 0, 5, 0, 0, 2, 11]",1
crashys,"[0, 1, 11, 0, 0, 0, 4]",1
fjosw,"[8, 24, 13, 9, 13, 59, 979]",1
scottshambaugh,"[6, 53, 12, 0, 2, 18, 203]",1
amartinez1224,"[5, 0, 28, 0, 0, 26, 397]",1
fschwebel,"[0, 0, 5, 0, 0, 0, 3]",1
donald-2rm,"[0, 0, 2, 0, 0, 0, 12]",1
ckcherry23,"[1, 2, 30, 10, 19, 45, 1111]",1
i-chaochen,"[1, 0, 35, 2, 10, 28, 248]",1
fengyuentau,"[17, 18, 28, 4, 7, 45, 358]",1
houseroad,"[22, 9, 24, 0, 8, 13, 77]",1
larrybradley,"[5, 17, 62, 6, 18, 59, 1840]",1
jureslak,"[13, 19, 24, 0, 1, 7, 36]",1
zhu,"[0, 1, 29, 0, 1, 3, 17]",1
ShengYang1,"[1, 1, 3, 0, 2, 4, 19]",1
Isydmr,"[3, 1, 34, 1, 1, 47, 969]",1
itsjustkevin,"[2, 0, 23, 9, 11, 32, 398]",1
II-Day-II,"[0, 0, 8, 11, 19, 15, 217]",1
ocastany,"[0, 2, 5, 0, 0, 0, 3]",1
shangxiao,"[27, 183, 100, 0, 6, 50, 625]",1
p0lygun,"[5, 28, 50, 1, 10, 56, 1482]",1
whuaegeanse,"[6, 7, 50, 0, 3, 3, 18]",1
LeszekBober,"[0, 0, 1, 0, 0, 0, 4]",1
ivashmak,"[9, 45, 6, 0, 0, 2, 11]",1
WoozyMasta,"[66, 301, 37, 1, 1, 10, 208]",1
jjhbriggs,"[2, 10, 8, 0, 0, 17, 283]",1
CNClareChen,"[0, 0, 4, 0, 0, 1, 7]",1
FahimFBA,"[73, 152, 68, 3, 6, 76, 1512]",1
shuuji3,"[0, 2, 100, 0, 14, 43, 912]",1
h7kanna,"[0, 1, 12, 0, 4, 29, 820]",1
laitingsheng,"[3, 1, 28, 0, 0, 30, 435]",1
angerson,"[0, 0, 16, 2, 4, 17, 170]",1
LaurentBerger,"[34, 71, 45, 0, 9, 19, 170]",1
ezyang,"[626, 4557, 100, 0, 5, 90, 4034]",1
donaldong,"[41, 25, 44, 9, 10, 11, 293]",1
pak-laura,"[3, 8, 11, 0, 0, 8, 51]",1
StephanStS,"[1, 1, 19, 2, 12, 22, 200]",1
maplebeats,"[13, 38, 59, 0, 0, 0, 0]",1
martok,"[22, 89, 45, 1, 1, 19, 193]",1
rizlas,"[4, 21, 35, 0, 4, 6, 56]",1
AsyaPronina,"[3, 5, 29, 0, 5, 2, 13]",1
lukasalexanderweber,"[2, 4, 12, 4, 8, 16, 118]",1
cpuhrsch,"[1, 30, 22, 0, 4, 47, 475]",1
lilithgrigoryan,"[0, 0, 4, 0, 1, 0, 3]",1
ctxnop,"[2, 2, 8, 0, 0, 2, 20]",1
shuntaro-fukuta,"[0, 0, 9, 0, 0, 10, 143]",1
mackerel711,"[0, 0, 9, 0, 1, 2, 24]",1
stefmolin,"[2615, 1403, 72, 16, 33, 49, 1932]",1
felixxm,"[4, 38, 72, 8, 12, 74, 1399]",1
tlongeri,"[2, 2, 13, 0, 0, 9, 101]",1
SaumyaBhushan,"[2, 27, 100, 1, 18, 22, 305]",1
rts-gordon,"[3, 2, 8, 3, 9, 9, 63]",1
AnnaMastori,"[0, 0, 4, 0, 0, 5, 106]",1
VadimLevin,"[0, 0, 17, 0, 1, 9, 76]",1
herbygillot,"[2, 56, 100, 26, 26, 95, 3147]",1
jwhitlock,"[18, 79, 100, 2, 4, 49, 1145]",1
laurensverhoeven,"[1, 0, 27, 0, 3, 0, 7]",1
SuryanarayanaY,"[0, 0, 4, 1, 3, 4, 30]",1
esouthren,"[0, 2, 36, 9, 14, 20, 179]",1
claudioharu,"[0, 1, 19, 0, 1, 0, 2]",1
gspencergoog,"[13, 27, 70, 0, 3, 51, 607]",1
melissawm,"[65, 106, 100, 4, 15, 55, 821]",1
mshabunin,"[5, 11, 37, 0, 5, 13, 109]",1
novalagung,"[672, 3171, 31, 12, 23, 71, 2322]",1
David-Wobrock,"[20, 72, 34, 0, 2, 69, 2165]",1
ocpalo,"[2, 2, 12, 0, 1, 13, 74]",1
postulha,"[0, 0, 4, 0, 0, 0, 1]",1
solokot,"[0, 2, 19, 0, 22, 35, 300]",1
elliette,"[4, 4, 35, 1, 3, 51, 847]",1
YDX-2147483647,"[14, 73, 71, 4, 13, 67, 1098]",1
MaximMilashchenko,"[0, 0, 9, 0, 1, 2, 17]",1
eliasyishak,"[1, 0, 5, 3, 8, 37, 552]",1
Sese-Schneider,"[2, 36, 7, 4, 10, 50, 823]",1
deep-jkl,"[0, 0, 5, 0, 0, 1, 6]",1
botanicvelious,"[9, 5, 18, 0, 1, 16, 513]",1
akhildevelops,"[13, 61, 29, 5, 11, 63, 564]",1
oizik,"[0, 1, 29, 0, 2, 2, 24]",1
dcharbonnier,"[13, 68, 100, 0, 1, 2, 12]",1
jesperolsson-se,"[0, 12, 14, 16, 33, 77, 501]",1
jzhoulon,"[8, 0, 14, 0, 6, 7, 32]",1
krassowski,"[102, 1156, 100, 8, 16, 80, 2188]",1
janeyx99,"[1, 2, 26, 0, 4, 57, 1141]",1
Gryxx,"[0, 0, 1, 0, 0, 2, 10]",1
camsim99,"[5, 2, 23, 0, 2, 43, 427]",1
snadampal,"[0, 1, 17, 1, 8, 18, 105]",1
mreso,"[5, 1, 17, 4, 12, 16, 102]",1
ivirtex,"[12, 55, 16, 2, 6, 46, 485]",1
jtracey,"[5, 9, 38, 0, 10, 7, 47]",1
luke396,"[0, 0, 7, 0, 8, 25, 240]",1
WanliZhong,"[0, 6, 10, 0, 10, 26, 193]",1
faceless-saint,"[4, 4, 11, 0, 0, 0, 0]",1
tonymke,"[0, 0, 1, 0, 0, 0, 0]",1
jlopezr,"[4, 4, 100, 0, 0, 9, 139]",1
opencv-pushbot,"[0, 1, 4, 23, 23, 0, 22]",1
stamepicmorg,"[0, 6, 3, 0, 1, 50, 580]",1
yumasheta,"[0, 0, 7, 0, 0, 0, 2]",1
hatamiarash7,"[48, 121, 100, 15, 16, 79, 3575]",1
cn223,"[6, 41, 71, 0, 0, 38, 410]",1
Anas35,"[0, 2, 20, 0, 2, 21, 138]",1
richardsheridan,"[10, 57, 24, 6, 16, 26, 368]",1
becker,"[17, 22, 14, 0, 0, 1, 16]",1
palfrey,"[20, 106, 100, 17, 23, 85, 3911]",1
TsingYiPainter,"[0, 3, 11, 0, 0, 3, 67]",1
mron03,"[1, 0, 12, 0, 2, 4, 56]",1
kun-lu20,"[0, 0, 14, 0, 5, 18, 103]",1
fufesou,"[88, 51, 34, 0, 17, 61, 1072]",1
georgthegreat,"[0, 2, 54, 4, 9, 59, 1204]",1
xiongzhen,"[1, 2, 4, 0, 0, 1, 12]",1
CSharperMantle,"[2, 20, 49, 2, 3, 26, 262]",1
pyprism,"[24, 47, 65, 0, 0, 66, 1837]",1
rustdesk,"[5282, 46154, 7, 13, 17, 92, 2197]",1
jpienaar,"[1, 1, 30, 5, 10, 60, 870]",1
botiapa,"[6, 37, 35, 0, 0, 1, 6]",1
Xerxes-2,"[0, 7, 8, 0, 0, 4, 79]",1
yongtang,"[33, 51, 26, 20, 26, 30, 323]",1
matthewfeickert,"[85, 126, 100, 3, 6, 76, 2072]",1
Lajilit,"[0, 0, 21, 0, 2, 0, 6]",1
kurtamohler,"[3, 13, 35, 0, 2, 44, 574]",1
malfet,"[3, 8, 46, 4, 14, 82, 3468]",1
sghelichkhani,"[4, 0, 11, 0, 1, 4, 19]",1
mcrute,"[43, 142, 25, 0, 0, 4, 47]",1
mit-mit,"[10, 69, 100, 3, 9, 42, 506]",1
AlejandroSilvestri,"[53, 130, 12, 0, 0, 2, 14]",1
mihaimaruseac,"[150, 621, 83, 9, 10, 97, 2761]",1
shan3275,"[14, 8, 39, 0, 0, 6, 55]",1
ZhaoChuyang,"[5, 9, 26, 0, 0, 7, 68]",1
KoalaBear84,"[94, 934, 26, 0, 0, 28, 347]",1
tacaswell,"[1, 29, 100, 2, 5, 72, 2462]",1
baharev,"[10, 30, 64, 0, 1, 3, 40]",1
sirtemporary,"[0, 0, 1, 0, 0, 0, 5]",1
Snipeur060,"[2, 22, 15, 0, 2, 26, 1103]",1
angelayi,"[0, 10, 18, 0, 9, 21, 176]",1
reunanen,"[51, 79, 100, 0, 3, 19, 174]",1
srujzs,"[0, 1, 10, 1, 6, 22, 147]",1
rino20,"[0, 0, 3, 0, 0, 1, 13]",1
Tixxx,"[2, 3, 13, 0, 0, 7, 40]",1
gmackall,"[0, 0, 6, 0, 10, 10, 61]",1
Onyx47,"[7, 10, 16, 0, 2, 1, 10]",1
malina-popa,"[0, 0, 6, 0, 0, 1, 19]",1
jpjepko,"[0, 0, 5, 0, 0, 9, 108]",1
Tessil,"[387, 3174, 13, 2, 5, 9, 64]",1
ilyachur,"[15, 115, 27, 3, 13, 61, 1083]",1
kwsp,"[6, 41, 84, 0, 0, 55, 769]",1
chinery,"[9, 12, 13, 0, 0, 17, 189]",1
tumicdq,"[0, 0, 1, 0, 0, 0, 4]",1
kallaballa,"[74, 435, 59, 0, 2, 32, 1747]",1
mizo,"[0, 2, 7, 0, 2, 13, 74]",1
TahaTesser,"[2, 11, 10, 0, 4, 58, 690]",1
lijake8,"[0, 0, 17, 0, 0, 4, 43]",1
devRD,"[0, 0, 15, 0, 4, 3, 24]",1
ricardoamador,"[0, 0, 14, 0, 16, 45, 605]",1
easonlin404,"[75, 173, 93, 0, 0, 0, 0]",1
danielcshn,"[27, 48, 42, 0, 0, 34, 601]",1
DEKHTIARJonathan,"[72, 168, 83, 0, 1, 15, 84]",1
xxrlzzz,"[3, 23, 30, 0, 2, 14, 84]",1
DamonFool,"[0, 0, 37, 0, 5, 28, 698]",1
jszwedko,"[67, 243, 100, 4, 18, 63, 2133]",1
leejjoon,"[26, 63, 53, 0, 0, 16, 185]",1
SuoDizzy,"[0, 0, 0, 0, 0, 0, 3]",1
lucas-57blocks,"[0, 0, 10, 0, 0, 0, 3]",1
lpsinger,"[17, 52, 100, 5, 19, 68, 2249]",1
23ccozad,"[7, 15, 7, 0, 0, 2, 38]",1
ahmetcadirci25,"[8, 27, 27, 0, 0, 34, 467]",1
Abhijnan-Bajpai,"[2, 5, 31, 0, 0, 5, 65]",1
amyipdev,"[2, 7, 16, 0, 0, 14, 180]",1
u1F992,"[7, 23, 75, 0, 3, 36, 625]",1
DumDereDum,"[9, 5, 19, 22, 29, 8, 91]",1
libf-de,"[0, 4, 48, 0, 0, 12, 145]",1
daeisbae,"[6, 16, 12, 0, 0, 8, 74]",1
sagilio,"[1, 33, 61, 0, 2, 73, 495]",1
will7200,"[10, 89, 32, 0, 0, 1, 5]",1
cpoerschke,"[5, 26, 18, 1, 2, 16, 129]",1
Orefa,"[3, 1, 33, 0, 0, 0, 1]",1
noatamir,"[4, 9, 30, 0, 9, 36, 508]",1
jgillard,"[3, 6, 28, 0, 0, 4, 28]",1
labeeb-7z,"[2, 8, 22, 0, 5, 11, 175]",1
phlippieb-discovery,"[1, 0, 8, 0, 1, 2, 62]",1
rewrite0w0,"[1, 30, 45, 0, 10, 73, 2402]",1
Flamefire,"[22, 18, 100, 0, 3, 64, 1326]",1
ngimel,"[18, 39, 20, 0, 6, 89, 1566]",1
stephenatgithub,"[0, 1, 7, 0, 0, 0, 0]",1
skywateryang,"[54, 142, 12, 0, 0, 2, 15]",1
synandi,"[0, 1, 13, 0, 4, 12, 95]",1
wsykala,"[20, 3, 6, 0, 0, 3, 27]",1
tensorflow-jenkins,"[3, 9, 1, 0, 19, 15, 335]",1
nabil-rady,"[6, 10, 31, 0, 4, 7, 82]",1
dbudnikov,"[0, 0, 7, 0, 0, 1, 7]",1
longnguyen2004,"[7, 6, 38, 0, 1, 37, 541]",1
victorbnl,"[17, 65, 30, 0, 9, 29, 832]",1
yash112-lang,"[10, 1, 41, 0, 0, 0, 1]",1
gititgo,"[0, 0, 7, 0, 0, 1, 7]",1
rougier,"[1114, 7368, 100, 6, 11, 39, 653]",1
skidipap,"[1, 5, 28, 0, 0, 6, 36]",1
zou3519,"[13, 27, 47, 0, 7, 51, 1167]",1
sephii,"[30, 99, 79, 1, 4, 28, 658]",1
shkarupa-alex,"[8, 49, 35, 0, 0, 25, 350]",1
alvoron,"[1, 0, 5, 1, 16, 21, 176]",1
apollo13,"[13, 28, 100, 0, 5, 24, 226]",1
gagika,"[0, 0, 1, 0, 0, 2, 11]",1
jimmyGALLAND,"[23, 16, 12, 1, 3, 8, 79]",1
Glutamat42,"[8, 24, 22, 0, 0, 23, 204]",1
cbalint13,"[152, 303, 22, 0, 2, 19, 173]",1
Konstantin-Beluchenko,"[0, 0, 3, 0, 0, 4, 17]",1
miller45,"[1, 69, 74, 1, 2, 6, 81]",1
shunting314,"[0, 1, 11, 0, 7, 33, 191]",1
rjackr,"[0, 0, 3, 0, 0, 0, 3]",1
matevzmihalic,"[1, 12, 37, 0, 0, 1, 6]",1
durvalcarvalho,"[8, 35, 69, 0, 1, 30, 1089]",1
Penglq,"[7, 28, 100, 0, 0, 0, 0]",1
Kxvish,"[0, 0, 14, 0, 0, 0, 26]",1
collares,"[1, 5, 29, 5, 11, 24, 223]",1
oscargus,"[3, 5, 61, 3, 4, 74, 1515]",1
dmatos2012,"[4, 13, 31, 0, 7, 11, 80]",1
berak,"[102, 194, 69, 0, 0, 4, 49]",1
amirsoroush,"[0, 0, 2, 0, 10, 18, 96]",1
bdntv,"[0, 0, 2, 0, 0, 1, 8]",1
joefernandez,"[0, 1, 3, 1, 3, 8, 92]",1
MichaelHudgins,"[3, 1, 17, 1, 8, 10, 66]",1
lamm45,"[0, 1, 4, 0, 0, 2, 16]",1
zanderso,"[16, 62, 55, 5, 9, 67, 1663]",1
st0nie,"[2, 1, 18, 0, 14, 36, 428]",1
renemadsen,"[7, 16, 19, 5, 5, 81, 17178]",1
erasta,"[17, 63, 82, 5, 10, 21, 743]",1
rgarnov,"[0, 0, 2, 0, 0, 0, 0]",1
i2,"[0, 4, 61, 4, 8, 39, 640]",1
SantiagoValdez,"[0, 15, 30, 2, 3, 2, 24]",1
charettes,"[181, 1036, 76, 2, 6, 30, 290]",1
claudep,"[48, 123, 66, 9, 19, 43, 384]",1
00LT00,"[2, 3, 17, 0, 0, 1, 24]",1
sudo-sturbia,"[1, 4, 14, 0, 0, 51, 1240]",1
youhers,"[0, 0, 1, 0, 3, 7, 38]",1
r-barnes,"[82, 305, 100, 0, 0, 0, 0]",1
htoor3,"[0, 0, 4, 1, 8, 12, 61]",1
sigmundch,"[11, 23, 37, 0, 1, 18, 145]",1
starccy,"[0, 9, 19, 0, 0, 0, 7]",1
xtanion,"[9, 12, 37, 5, 21, 34, 405]",1
eagleoflqj,"[71, 409, 48, 0, 6, 57, 550]",1
tvolkert,"[56, 423, 100, 1, 5, 11, 94]",1
skye,"[2, 3, 20, 1, 18, 34, 293]",1
asutosh97,"[256, 443, 83, 0, 0, 33, 399]",1
exaby73,"[2, 10, 20, 9, 18, 15, 206]",1
gorodovoy9000,"[0, 0, 3, 0, 0, 0, 3]",1
ryw,"[21, 123, 8, 2, 9, 33, 577]",1
newville,"[99, 320, 37, 6, 10, 62, 1164]",1
nSircombe,"[0, 2, 8, 6, 9, 15, 96]",1
ycs77,"[81, 530, 98, 1, 3, 60, 1235]",1
mrladeia,"[1, 0, 17, 0, 0, 0, 4]",1
chunhtai,"[6, 22, 28, 0, 3, 49, 660]",1
julisch94,"[0, 161, 17, 0, 1, 46, 750]",1
dnfield,"[504, 1949, 96, 1, 4, 60, 1199]",1
hzawary,"[13, 32, 7, 0, 0, 0, 3]",1
jglaser,"[16, 39, 63, 0, 2, 7, 71]",1
SwastikTripathi,"[1, 1, 14, 0, 0, 2, 46]",1
tozanski,"[1, 1, 4, 1, 1, 1, 8]",1
SebCorbin,"[9, 11, 64, 3, 16, 47, 876]",1
brianquinlan,"[17, 159, 35, 3, 9, 37, 393]",1
victor1234,"[0, 9, 14, 0, 6, 23, 171]",1
Kristories,"[615, 9035, 57, 6, 7, 67, 3078]",1
MitchellGoodwin,"[0, 2, 100, 0, 5, 15, 81]",1
kingiw,"[9, 3, 18, 0, 0, 0, 2]",1
DavidKorczynski,"[6, 6, 100, 11, 32, 89, 3492]",1
p12tic,"[299, 1707, 100, 11, 18, 43, 1882]",1
HansMuller,"[11, 27, 33, 3, 5, 43, 336]",1
behrooz3500,"[1, 0, 12, 3, 6, 9, 274]",1
cudawarped,"[13, 54, 12, 0, 9, 18, 135]",1
kerlw,"[9, 26, 100, 0, 0, 2, 12]",1
annop-w,"[0, 0, 4, 0, 19, 13, 93]",1
smirnov-alexey,"[0, 0, 3, 0, 2, 4, 19]",1
GopherJ,"[11, 12, 100, 3, 6, 79, 1589]",1
mohawk2,"[29, 38, 100, 3, 3, 42, 1125]",1
andrzejnovak,"[14, 7, 65, 7, 11, 21, 176]",1
ippei-i,"[0, 2, 4, 0, 1, 35, 634]",1
kenjones-cisco,"[21, 41, 49, 0, 0, 0, 3]",1
christopherfujino,"[5, 25, 100, 0, 3, 71, 1698]",1
grummbeer,"[0, 0, 4, 0, 4, 8, 116]",1
pkubaj,"[2, 5, 78, 0, 9, 57, 692]",1
sandr01d,"[1, 0, 10, 8, 11, 16, 152]",1
gr8jam,"[1, 2, 6, 0, 0, 1, 5]",1
driftee,"[0, 2, 13, 0, 0, 1, 15]",1
chahak13,"[8, 47, 40, 0, 3, 20, 215]",1
samypr100,"[1, 6, 19, 1, 6, 13, 162]",1
freedomtan,"[115, 396, 81, 5, 11, 34, 274]",1
Abingcbc,"[4, 16, 39, 0, 6, 34, 331]",1
Xxfore,"[0, 0, 30, 0, 0, 2, 10]",1
maxxer,"[1, 9, 100, 4, 6, 19, 118]",1
UnderTreeTech,"[18, 25, 100, 0, 0, 7, 39]",1
catree,"[25, 15, 100, 0, 0, 2, 24]",1
jeremyephron,"[79, 216, 31, 4, 9, 3, 89]",1
cxcorp,"[14, 70, 100, 1, 2, 26, 765]",1
netsrac,"[0, 0, 3, 0, 1, 0, 5]",1
pjpratik,"[0, 0, 3, 0, 5, 3, 22]",1
AdvancedUno,"[0, 6, 23, 2, 12, 30, 502]",1
ClayXrex,"[0, 1, 6, 1, 3, 2, 74]",1
monkeywithacupcake,"[8, 14, 100, 3, 3, 14, 160]",1
vovka643,"[0, 0, 6, 0, 8, 3, 22]",1
Kingtous,"[28, 69, 100, 4, 13, 75, 1336]",1
dianjiaogit,"[0, 8, 27, 0, 0, 18, 120]",1
erykoff,"[8, 11, 100, 6, 11, 66, 1631]",1
stefan523,"[0, 0, 2, 0, 2, 1, 11]",1
reidbaker,"[5, 9, 22, 1, 2, 18, 238]",1
bankzst,"[1, 1, 19, 0, 0, 13, 215]",1
Ali-Msk,"[10, 12, 24, 0, 0, 2, 45]",1
micaelcid,"[8, 9, 24, 0, 1, 57, 1390]",1
kit1980,"[4, 16, 46, 0, 7, 64, 1116]",1
Integral-Tech,"[3, 45, 34, 4, 11, 18, 363]",1
timmaffett,"[0, 16, 100, 0, 4, 22, 372]",1
bhack,"[5, 23, 71, 1, 2, 49, 459]",1
SimonHanel,"[0, 0, 2, 0, 1, 0, 4]",1
ElisaMin,"[11, 32, 43, 5, 5, 28, 396]",1
alikhanz,"[0, 17, 18, 0, 8, 2, 22]",1
bwang30,"[0, 0, 2, 0, 0, 1, 8]",1
joesho112358,"[0, 0, 25, 0, 7, 5, 52]",1
apach301,"[0, 0, 11, 0, 7, 13, 99]",1
albertoazinar,"[0, 10, 33, 0, 1, 26, 286]",1
ayshih,"[1, 15, 37, 0, 4, 25, 244]",1
komakai,"[9, 24, 23, 0, 2, 3, 16]",1
slackline,"[0, 0, 38, 0, 2, 7, 45]",1
Lotram,"[0, 0, 8, 1, 6, 8, 107]",1
thomasjpfan,"[50, 116, 100, 4, 11, 82, 1726]",1
gabrielgarciagava,"[1, 4, 29, 0, 4, 7, 63]",1
H-Huang,"[5, 20, 65, 0, 5, 66, 632]",1
cooperbang,"[0, 0, 1, 0, 0, 0, 4]",1
aalocked,"[0, 0, 20, 0, 3, 9, 74]",1
kulinseth,"[7, 13, 32, 6, 8, 62, 791]",1
linuxmetel,"[0, 1, 8, 0, 1, 10, 170]",1
CSBVision,"[0, 0, 6, 0, 2, 2, 16]",1
caseycrogers,"[5, 14, 31, 2, 8, 38, 832]",1
Hixie,"[53, 160, 80, 0, 15, 49, 437]",1
p-bo,"[0, 0, 100, 0, 0, 17, 282]",1
adityathakurxd,"[141, 253, 54, 6, 9, 32, 319]",1
mousedownmike,"[0, 0, 12, 0, 0, 24, 635]",1
Mastersam07,"[40, 176, 100, 8, 17, 81, 2764]",1
zhouzq-thu,"[6, 20, 17, 0, 0, 6, 34]",1
rainwoodman,"[44, 78, 100, 2, 4, 15, 269]",1
BestiaPL,"[0, 0, 13, 0, 10, 10, 93]",1
acatlett8,"[0, 0, 2, 0, 0, 1, 7]",1
KG7x,"[0, 2, 30, 0, 1, 1, 14]",1
ShuaiShao93,"[9, 16, 19, 0, 4, 5, 30]",1
NickolasGiannatos,"[0, 0, 2, 0, 0, 5, 114]",1
vedantmgoyal2009,"[46, 115, 40, 17, 18, 91, 21803]",1
scorpiozj,"[0, 8, 100, 0, 0, 3, 30]",1
k2s,"[7, 23, 100, 0, 0, 6, 56]",1
umq,"[2, 2, 13, 0, 0, 0, 0]",1
egor-spk,"[1, 3, 11, 0, 0, 0, 5]",1
xerus,"[1, 4, 42, 0, 0, 13, 129]",1
jiayisunx,"[2, 5, 16, 0, 0, 18, 89]",1
Mr-Milk,"[5, 60, 41, 3, 5, 36, 500]",1
trichter,"[153, 295, 28, 3, 7, 25, 484]",1
crackwitz,"[11, 31, 58, 0, 0, 3, 15]",1
karllessard,"[7, 8, 14, 3, 5, 7, 47]",1
xalt7x,"[0, 0, 2, 0, 5, 5, 32]",1
rsanthanam-amd,"[0, 0, 2, 13, 21, 47, 400]",1
chiehw,"[14, 13, 37, 0, 12, 52, 680]",1
simonspa,"[40, 11, 94, 5, 8, 43, 676]",1
Akkowicz,"[1, 12, 64, 0, 2, 4, 43]",1
dovics,"[4, 8, 43, 0, 0, 17, 160]",1
raphaelquast,"[33, 295, 42, 4, 11, 47, 1467]",1
trevor-m,"[23, 134, 34, 0, 1, 19, 180]",1
DerWeh,"[6, 18, 27, 0, 4, 4, 37]",1
diegosolano,"[0, 0, 6, 0, 0, 1, 8]",1
larsoner,"[13, 22, 100, 5, 11, 74, 2169]",1
super-lumic,"[1, 2, 5, 0, 0, 0, 3]",1
vdbma,"[0, 0, 5, 0, 1, 2, 26]",1
FastAct,"[0, 0, 16, 0, 26, 8, 103]",1
Elkasitu,"[3, 8, 59, 4, 11, 42, 477]",1
changh95,"[151, 1023, 33, 3, 3, 47, 1520]",1
Peeveck,"[0, 0, 1, 0, 0, 0, 4]",1
Biswa96,"[123, 666, 44, 10, 14, 81, 1309]",1
jameshilliard,"[39, 35, 100, 0, 5, 43, 898]",1
rolandjitsu,"[42, 179, 51, 0, 0, 3, 16]",1
pjediny,"[4, 6, 38, 0, 0, 40, 938]",1
krishjainx,"[18, 97, 95, 2, 5, 20, 217]",1
AnthonyByansi,"[17, 347, 97, 2, 5, 59, 1490]",1
milpuz01,"[0, 0, 7, 0, 4, 9, 60]",1
nvksv,"[2, 8, 14, 0, 0, 0, 0]",1
mohantym,"[2, 4, 24, 0, 0, 19, 142]",1
Istiak-Ahmed78,"[2, 1, 35, 1, 3, 57, 971]",1
jboban,"[0, 1, 4, 0, 0, 0, 13]",1
QuanMCPC,"[1, 8, 38, 0, 0, 23, 419]",1
laymonage,"[55, 207, 100, 3, 14, 69, 1628]",1
hukaidong,"[3, 3, 62, 0, 0, 19, 231]",1
cyanglaz,"[7, 6, 29, 0, 9, 40, 373]",1
neogalaxy88,"[0, 0, 1, 0, 6, 3, 30]",1
parthpankajtiwary,"[5, 7, 32, 0, 0, 21, 228]",1
jrief,"[951, 3778, 69, 4, 8, 42, 830]",1
chosak,"[26, 55, 87, 13, 27, 57, 840]",1
VincentK-Titandc,"[0, 0, 2, 0, 0, 0, 1]",1
LinXunFeng,"[359, 1736, 64, 0, 4, 42, 556]",1
grgkaran03,"[0, 0, 18, 0, 0, 7, 81]",1
PiotrStrzelczykX,"[0, 0, 1, 0, 0, 0, 3]",1
carschno,"[11, 19, 36, 1, 5, 47, 797]",1
anna-khakimova,"[0, 1, 6, 0, 0, 0, 4]",1
Grub4K,"[10, 43, 16, 1, 2, 25, 220]",1
XuehaiPan,"[126, 2002, 61, 1, 4, 90, 1563]",1
ashay,"[0, 0, 5, 3, 10, 43, 392]",1
who0ps,"[25, 2, 6, 0, 2, 4, 33]",1
uran0sH,"[2, 6, 100, 1, 6, 28, 201]",1
wqian94,"[3, 1, 15, 0, 0, 26, 217]",1
Sergo1217,"[0, 2, 6, 0, 2, 5, 37]",1
Th3nn3ss,"[6, 34, 68, 0, 7, 11, 62]",1
michalwitek1232,"[1, 0, 15, 4, 18, 20, 343]",1
Candunc,"[2, 5, 52, 0, 0, 0, 2]",1
vivekvedant,"[0, 0, 12, 0, 0, 1, 7]",1
lindsaypj,"[0, 0, 11, 4, 9, 24, 612]",1
oguzhanguclu,"[0, 0, 1, 0, 0, 0, 1]",1
jonahwilliams,"[43, 222, 100, 0, 7, 77, 1787]",1
sdolemelipone,"[1, 1, 13, 0, 1, 3, 24]",1
feuerste,"[0, 0, 7, 0, 1, 1, 15]",1
swaltek,"[0, 1, 15, 0, 0, 9, 226]",1
davidgilbertson,"[166, 1532, 100, 0, 2, 28, 177]",1
aadwived,"[0, 0, 3, 0, 0, 2, 13]",1
philipphack,"[0, 0, 1, 0, 5, 15, 96]",1
keyonghan,"[0, 1, 14, 0, 2, 43, 699]",1
rbaranchuk-capgemini,"[0, 0, 4, 0, 0, 4, 27]",1
chenfeiyue-cfy,"[0, 0, 4, 0, 16, 14, 122]",1
D-Alex,"[17, 75, 13, 0, 1, 2, 25]",1
intgr,"[25, 143, 100, 10, 16, 39, 528]",1
jakemac53,"[18, 87, 100, 4, 9, 45, 611]",1
eric-k256,"[0, 0, 4, 4, 8, 13, 69]",1
YusukeKameda,"[0, 0, 3, 1, 2, 5, 31]",1
nrwahl2,"[0, 0, 5, 0, 3, 47, 950]",1
Ekennn,"[1, 0, 13, 0, 0, 1, 8]",1
madphysicist,"[3, 26, 31, 0, 0, 7, 92]",1
atalman,"[0, 0, 16, 9, 28, 61, 1879]",1
cpg1111,"[15, 64, 100, 7, 14, 28, 210]",1
MikhailRyazanov,"[0, 0, 7, 0, 0, 11, 106]",1
gustavi,"[1, 5, 39, 0, 0, 16, 185]",1
xcc3641,"[765, 3600, 31, 0, 1, 52, 1137]",1
awsaf49,"[40, 110, 74, 2, 5, 25, 388]",1
Heap-Hop,"[0, 4, 17, 0, 11, 54, 814]",1
erg0dic,"[1, 2, 20, 0, 0, 40, 368]",1
Alexerson,"[1, 1, 19, 0, 7, 2, 20]",1
sanadani,"[0, 0, 2, 0, 0, 1, 7]",1
ghost,"[0, 0, 0, 0, 4, 0, 0]",1
LouiseHsu,"[1, 3, 18, 1, 6, 33, 162]",1
TolyaTalamanov,"[53, 2, 36, 0, 4, 15, 113]",1
kolibril13,"[15, 105, 77, 0, 3, 55, 1570]",1
HB6H057,"[7, 15, 16, 0, 2, 42, 558]",1
baldychristophe,"[0, 1, 5, 0, 0, 19, 235]",1
LomaxOnTheRun,"[0, 1, 25, 0, 1, 11, 123]",1
werainkhatri,"[10, 20, 69, 0, 1, 21, 189]",1
jsoref,"[27, 34, 100, 0, 2, 89, 4926]",1
yutita,"[0, 0, 16, 0, 0, 0, 0]",1
5idereal,"[0, 5, 100, 0, 0, 30, 285]",1
Darkyenus,"[60, 200, 61, 0, 0, 4, 22]",1
MaySoMusician,"[6, 39, 70, 24, 34, 36, 544]",1
jamesbraza,"[0, 0, 10, 0, 5, 80, 1970]",1
giefferre,"[50, 58, 25, 0, 0, 61, 1645]",1
krishnathanki,"[0, 10, 41, 0, 0, 11, 133]",1
ngnpope,"[24, 71, 43, 0, 6, 24, 258]",1
liyiheng,"[79, 208, 42, 1, 1, 11, 78]",1
gaikwadrahul8,"[0, 0, 8, 0, 1, 4, 26]",1
merrymercy,"[354, 2107, 38, 4, 6, 69, 1375]",1
xiong-jie-y,"[10, 86, 13, 0, 0, 0, 0]",1
frank-wei,"[0, 0, 11, 0, 13, 35, 318]",1
Young768,"[5, 1, 48, 0, 7, 3, 24]",1
Sync271,"[0, 1, 34, 0, 0, 25, 433]",1
matt256,"[0, 0, 5, 0, 0, 0, 4]",1
andrew-fennell,"[4, 15, 17, 0, 0, 6, 64]",1
LaiYueTing,"[0, 0, 8, 0, 5, 5, 63]",1
rcomer,"[5, 4, 19, 4, 16, 50, 441]",1
wqh17101,"[0, 4, 43, 0, 0, 16, 87]",1
NivekT,"[1, 5, 18, 0, 8, 80, 983]",1
engine-flutter-autoroll,"[6, 31, 3, 0, 32, 97, 9695]",1
jakeh-gc,"[0, 0, 4, 0, 4, 4, 34]",1
kilosonc,"[10, 38, 43, 7, 13, 20, 419]",1
ksunden,"[0, 5, 100, 2, 10, 69, 1977]",1
syedsajjadkazmii,"[0, 0, 11, 9, 18, 32, 251]",1
iofall,"[0, 2, 35, 0, 0, 8, 59]",1
KKimj,"[4, 15, 83, 2, 9, 67, 2036]",1
arvinwli,"[86, 290, 8, 0, 4, 1, 8]",1
vorburger,"[36, 98, 100, 17, 27, 47, 1303]",1
ibaiGorordo,"[498, 2193, 100, 1, 2, 49, 1132]",1
chunduriv,"[0, 1, 15, 0, 6, 11, 91]",1
qingyunqu,"[2, 8, 19, 0, 14, 20, 105]",1
yimeisun123,"[0, 0, 3, 0, 1, 2, 16]",1
bmwiedemann,"[5, 25, 100, 0, 1, 97, 1480]",1
nodece,"[4, 7, 100, 8, 18, 71, 906]",1
mattymo30,"[0, 0, 6, 0, 2, 8, 91]",1
michaelgruner,"[0, 0, 19, 1, 2, 22, 293]",1
KaurkerDevourer,"[0, 0, 9, 0, 0, 2, 29]",1
ripp2003,"[0, 0, 1, 0, 0, 0, 0]",1
shelper,"[4, 3, 24, 0, 1, 33, 492]",1
klchiu,"[2, 1, 12, 0, 1, 2, 13]",1
philipphutterer,"[0, 0, 1, 0, 0, 2, 11]",1
tsarmis,"[0, 0, 5, 1, 18, 2, 109]",1
allcaps,"[8, 34, 62, 1, 3, 19, 197]",1
4JX,"[43, 222, 29, 0, 0, 23, 228]",1
wangzexi,"[254, 464, 30, 0, 0, 8, 51]",1
gmbows,"[3, 4, 16, 0, 0, 6, 88]",1
biberino,"[0, 3, 19, 0, 0, 0, 5]",1
learning-to-play,"[2, 1, 4, 22, 26, 24, 181]",1
twmsh,"[0, 1, 8, 0, 0, 4, 29]",1
mateusauler,"[1, 5, 17, 0, 0, 12, 251]",1
aragilar,"[7, 37, 100, 0, 0, 30, 767]",1
toriato,"[74, 638, 21, 4, 4, 24, 849]",1
shmsh9,"[0, 0, 11, 0, 1, 20, 288]",1
Blquinn,"[4, 104, 63, 2, 9, 29, 501]",1
fy2462,"[5, 11, 51, 0, 0, 6, 60]",1
UnaNancyOwen,"[350, 815, 56, 0, 0, 9, 156]",1
SimonWaldherr,"[62, 271, 100, 1, 10, 55, 3786]",1
HYChou0515,"[1, 1, 26, 0, 0, 10, 135]",1
sachinmuradi,"[0, 0, 1, 0, 0, 2, 17]",1
poulsbo,"[0, 2, 19, 0, 0, 7, 55]",1
jason-simmons,"[15, 7, 28, 8, 25, 52, 570]",1
bani-intelaipg,"[0, 2, 4, 0, 0, 1, 8]",1
hanliutong,"[5, 9, 28, 0, 4, 9, 60]",1
y-guyon,"[1, 1, 12, 8, 15, 40, 435]",1
drivanov,"[0, 0, 4, 0, 3, 9, 39]",1
dinger1986,"[36, 76, 15, 1, 8, 23, 392]",1
AutumnSun1996,"[7, 36, 23, 0, 0, 8, 66]",1
CodeBurnCorp,"[0, 0, 1, 0, 0, 0, 4]",1
loune,"[68, 187, 19, 0, 3, 1, 18]",1
stal12,"[0, 7, 16, 0, 0, 3, 39]",1
mingxingren,"[5, 10, 100, 2, 9, 16, 97]",1
dermasugita,"[5, 20, 5, 0, 0, 10, 220]",1
nils-van-zuijlen,"[0, 5, 55, 1, 5, 8, 59]",1
jarek-pacocha,"[0, 5, 11, 0, 0, 32, 475]",1
bigretromike,"[6, 51, 56, 0, 0, 66, 282]",1
jacoverster,"[5, 16, 41, 0, 0, 6, 125]",1
bdhirsh,"[3, 12, 9, 0, 5, 54, 921]",1
yusuf-goog,"[0, 0, 6, 0, 2, 30, 257]",1
djex,"[0, 0, 2, 0, 0, 0, 4]",1
luckysmg,"[40, 302, 8, 0, 8, 20, 99]",1
arthurhenrique,"[59, 339, 46, 21, 22, 70, 1668]",1
Rufflewind,"[37, 221, 60, 0, 0, 4, 49]",1
flar,"[2, 2, 17, 0, 5, 42, 369]",1
tim-schilling,"[3, 39, 70, 8, 15, 65, 1195]",1
touhf,"[1, 3, 12, 1, 1, 17, 196]",1
emporiobviver,"[0, 0, 1, 0, 0, 0, 0]",1
idstein,"[3, 4, 69, 0, 1, 2, 15]",1
RaulReisDev,"[0, 0, 4, 0, 0, 1, 12]",1
jklymak,"[49, 80, 100, 7, 11, 68, 1312]",1
Harishwarrior,"[36, 99, 34, 8, 13, 30, 595]",1
peri044,"[11, 36, 22, 6, 10, 29, 436]",1
fazakis,"[1, 0, 2, 0, 0, 0, 2]",1
drkrap,"[1, 7, 15, 0, 0, 1, 9]",1
anntzer,"[90, 511, 100, 0, 10, 66, 1192]",1
andrewjcg,"[1, 1, 13, 0, 2, 19, 229]",1
andrewkolos,"[2, 7, 42, 0, 7, 35, 301]",1
bartekpacia,"[17, 72, 84, 4, 10, 90, 4539]",1
asratech,"[8, 3, 27, 0, 0, 1, 14]",1
davidjayb,"[0, 0, 3, 0, 9, 2, 22]",1
elfringham,"[0, 1, 24, 0, 11, 21, 163]",1
Nowher2,"[0, 0, 14, 0, 0, 0, 2]",1
NoLooseEnds,"[56, 219, 15, 0, 0, 3, 15]",1
klatism,"[0, 0, 2, 0, 0, 0, 2]",1
sachinprasadhs,"[0, 3, 13, 0, 1, 12, 104]",1
oguzhanmeteozturk,"[0, 8, 100, 0, 1, 32, 1206]",1
dopplershift,"[12, 43, 100, 15, 16, 64, 3385]",1
ZzN1NJ4,"[0, 0, 3, 0, 5, 1, 17]",1
Yulv-git,"[15, 62, 26, 1, 28, 61, 587]",1
agramesh1,"[1, 4, 2, 0, 0, 26, 152]",1
tomoaki0705,"[5, 22, 64, 0, 0, 5, 66]",1
xoiga123,"[0, 1, 25, 3, 8, 27, 249]",1
seffs,"[1, 4, 16, 0, 1, 11, 97]",1
billcobbler,"[24, 19, 18, 0, 0, 0, 5]",1
nox1134,"[0, 0, 7, 0, 1, 2, 23]",1
kocoler,"[2, 1, 22, 0, 0, 3, 49]",1
ianthomas23,"[0, 3, 76, 10, 20, 67, 790]",1
XiaobingSuper,"[11, 6, 41, 1, 9, 43, 328]",1
eerovaher,"[0, 0, 12, 1, 4, 40, 363]",1
ShawnZhong,"[31, 192, 65, 1, 6, 47, 1402]",1
nouiz,"[190, 143, 58, 0, 9, 22, 195]",1
mgaligniana,"[0, 1, 13, 0, 3, 9, 62]",1
gadelkareem,"[76, 110, 100, 1, 4, 21, 253]",1
sigurdm,"[9, 43, 60, 6, 11, 43, 841]",1
MehdiChinoune,"[9, 26, 33, 11, 21, 86, 7890]",1
StefRe,"[0, 0, 52, 0, 11, 17, 148]",1
dan-masek,"[6, 8, 13, 0, 0, 1, 15]",1
f-israel,"[0, 0, 10, 0, 0, 0, 3]",1
xu-baolin,"[3, 8, 8, 0, 5, 20, 115]",1
Wang-Kai,"[4, 23, 59, 0, 1, 8, 57]",1
tintou,"[3, 6, 91, 10, 12, 46, 526]",1
jwinarske,"[49, 117, 100, 8, 13, 81, 2726]",1
chamgin,"[0, 1, 9, 0, 0, 1, 6]",1
nluehr,"[1, 2, 12, 1, 13, 17, 139]",1
SoLongAndThanksForAllThePizza,"[13, 2, 3, 0, 0, 0, 0]",1
skycommand,"[7, 27, 6, 0, 2, 8, 52]",1
partheee,"[2, 35, 39, 0, 0, 13, 179]",1
Harvey-Huang,"[0, 0, 12, 0, 0, 2, 10]",1
ChrisWhiten,"[29, 19, 29, 0, 0, 0, 0]",1
kostyafarber,"[7, 51, 38, 3, 4, 40, 473]",1
rajdesai24,"[1, 0, 18, 0, 0, 5, 27]",1
zsh1995,"[0, 4, 26, 0, 0, 0, 3]",1
CaseyHillers,"[2, 1, 25, 4, 14, 54, 737]",1
ticktap,"[0, 0, 9, 0, 0, 0, 0]",1
BetaCat0,"[0, 0, 20, 0, 0, 0, 5]",1
tybeller,"[0, 3, 13, 3, 10, 9, 87]",1
sarahboyce,"[0, 2, 11, 0, 8, 64, 1317]",1
c1dx,"[0, 0, 83, 0, 0, 0, 0]",1
savuor,"[4, 0, 8, 0, 0, 11, 62]",1
mlazos,"[0, 2, 13, 1, 7, 40, 296]",1
QuLogic,"[3, 5, 100, 6, 9, 71, 1810]",1
dannkunt,"[0, 1, 16, 0, 0, 4, 23]",1
s1sds28,"[0, 0, 1, 0, 0, 0, 2]",1
mehdi-song,"[0, 0, 10, 0, 17, 7, 64]",1
eyebrowsoffire,"[1, 0, 16, 0, 5, 41, 436]",1
8bitmp3,"[4, 24, 12, 0, 4, 33, 350]",1
shorshe,"[0, 0, 17, 0, 3, 0, 5]",1
Dhanush-arch,"[0, 0, 36, 3, 6, 11, 84]",1
leeqvip,"[63, 169, 39, 3, 6, 16, 133]",1
JopKnoppers,"[0, 0, 8, 0, 0, 0, 3]",1
weiwangmeta,"[1, 0, 11, 0, 7, 39, 412]",1
rprasanth,"[0, 1, 38, 0, 0, 1, 10]",1
tchap,"[96, 387, 91, 0, 0, 0, 0]",1
siilats,"[7, 4, 100, 0, 13, 26, 300]",1
hakaboom,"[61, 181, 20, 0, 0, 7, 76]",1
eendebakpt,"[12, 29, 49, 0, 7, 48, 477]",1
has2k1,"[284, 3974, 60, 2, 3, 30, 378]",1
jspricke,"[42, 16, 100, 3, 8, 50, 525]",1
LongCatIsLooong,"[0, 2, 11, 0, 11, 40, 283]",1
penpornk,"[1, 4, 4, 0, 3, 25, 163]",1
WofWca,"[20, 156, 91, 0, 9, 62, 952]",1
whiskeyPeak,"[1, 3, 22, 0, 4, 16, 143]",1
mikebenfield,"[6, 153, 18, 0, 0, 7, 48]",1
rahulbatra85,"[3, 1, 9, 3, 12, 15, 82]",1
thkim1011,"[3, 11, 21, 1, 5, 18, 113]",1
XPhyro,"[4, 11, 72, 0, 4, 68, 3438]",1
niccolomineo,"[2, 7, 13, 0, 3, 40, 871]",1
almarklein,"[163, 1536, 65, 5, 5, 49, 733]",1
gfiumara,"[31, 80, 41, 0, 0, 10, 112]",1
hawkinsp,"[5, 7, 20, 0, 7, 56, 1238]",1
zachlowry,"[0, 0, 2, 0, 0, 0, 1]",1
williamwen42,"[0, 0, 0, 0, 5, 28, 328]",1
gonsuke,"[23, 49, 36, 0, 0, 94, 3975]",1
goderbauer,"[177, 147, 69, 1, 6, 53, 1074]",1
if0else9,"[0, 0, 1, 0, 0, 0, 3]",1
stanyx,"[0, 7, 17, 0, 0, 0, 3]",1
mraunak,"[1, 0, 6, 0, 2, 4, 29]",1
gmile,"[2, 30, 93, 0, 2, 60, 1611]",1
kshitij12345,"[5, 102, 52, 2, 10, 69, 979]",1
a19901201,"[0, 2, 9, 0, 9, 80, 2448]",1
yuanx749,"[0, 6, 26, 0, 4, 22, 248]",1
ivanbea,"[0, 0, 2, 0, 0, 0, 8]",1
hflemmen,"[0, 0, 12, 0, 0, 2, 15]",1
XieJiSS,"[15, 32, 91, 0, 7, 48, 919]",1
rifatrakib,"[3, 3, 79, 0, 1, 98, 2236]",1
sitiom,"[4, 87, 38, 5, 21, 67, 1374]",1
dkurt,"[195, 189, 75, 3, 9, 30, 310]",1
Ryyyc,"[5, 33, 16, 0, 0, 15, 104]",1
maninhill,"[1, 1, 37, 3, 14, 19, 170]",1
gapplef,"[2, 7, 15, 0, 2, 5, 50]",1
igurin-invn,"[0, 0, 3, 0, 0, 1, 6]",1
7abhishek,"[0, 0, 15, 0, 0, 1, 18]",1
GregoryConrad,"[25, 136, 13, 9, 12, 36, 715]",1
danielehrhardt,"[58, 79, 61, 0, 1, 69, 1746]",1
SirAbhi13,"[2, 1, 24, 0, 3, 12, 130]",1
exxjob,"[0, 0, 25, 0, 0, 0, 0]",1
mjfwalsh,"[2, 9, 9, 0, 1, 1, 10]",1
eindH,"[1, 1, 10, 0, 0, 0, 3]",1
mahmoud-abuzaina,"[0, 0, 4, 0, 2, 4, 23]",1
remia,"[1, 13, 16, 0, 8, 17, 134]",1
meeseeksmachine,"[4, 1, 45, 0, 50, 87, 1749]",1
apieiron,"[0, 0, 1, 0, 0, 0, 5]",1
bovirus,"[2, 0, 18, 0, 11, 55, 656]",1
jcollins-g,"[1, 0, 22, 5, 13, 13, 133]",1
ingomueller-net,"[19, 21, 48, 7, 14, 31, 403]",1
XilaiZhang,"[40, 186, 28, 0, 8, 49, 407]",1
fwcd,"[250, 1655, 100, 1, 4, 91, 6916]",1
paroj,"[619, 2330, 81, 18, 29, 59, 909]",1
andrewgodwin,"[576, 2274, 43, 10, 18, 60, 1447]",1
jnns,"[2, 10, 47, 0, 7, 10, 70]",1
saranti,"[0, 11, 23, 0, 4, 7, 38]",1
MikiPWata,"[0, 0, 4, 0, 3, 32, 230]",1
21pages,"[40, 25, 23, 1, 11, 65, 870]",1
jeejakp12,"[0, 0, 2, 0, 1, 1, 5]",1
jungju,"[0, 9, 39, 0, 0, 4, 114]",1
asmorkalov,"[10, 11, 27, 11, 17, 51, 882]",1
pauloxnet,"[16, 49, 100, 1, 4, 41, 392]",1
fluttergithubbot,"[2, 4, 1, 0, 0, 90, 10816]",1
djordans,"[0, 1, 2, 0, 0, 0, 0]",1
QuncCccccc,"[0, 0, 2, 4, 8, 38, 249]",1
chacha21,"[0, 0, 5, 0, 0, 5, 28]",1
Mr-Update,"[0, 0, 30, 0, 16, 17, 225]",1
Tortar,"[1, 19, 17, 3, 9, 36, 367]",1
sudoliyang,"[21, 30, 27, 0, 10, 21, 197]",1
Polandia94,"[1, 0, 20, 0, 0, 43, 1204]",1
Agent-JY,"[0, 0, 2, 0, 0, 2, 22]",1
story645,"[67, 64, 72, 0, 0, 0, 0]",1
dmatveev,"[41, 131, 31, 0, 3, 29, 280]",1
kordood,"[5, 9, 31, 0, 0, 35, 568]",1
morn-0,"[6, 86, 44, 0, 0, 26, 273]",1
vashworth,"[0, 0, 16, 0, 7, 37, 344]",1
fzyzcjy,"[337, 4729, 100, 1, 2, 98, 28727]",1
kirill0ermakov,"[0, 5, 4, 0, 1, 4, 40]",1
smeng9,"[2, 1, 14, 0, 16, 18, 130]",1
API92,"[0, 1, 9, 0, 0, 1, 10]",1
tilakrayal,"[1, 0, 10, 0, 3, 9, 57]",1
eltociear,"[0, 4, 100, 0, 34, 98, 2610]",1
dllehr-amd,"[0, 1, 11, 4, 11, 13, 81]",1
cabelo,"[11, 17, 100, 0, 7, 19, 159]",1
luzpaz,"[1, 9, 100, 1, 5, 79, 1931]",1
yaakovschectman,"[0, 0, 12, 5, 10, 38, 342]",1
lycstar,"[28, 10, 42, 0, 1, 7, 46]",1
cantonios,"[23, 54, 18, 0, 0, 44, 362]",1
alexanderconner,"[0, 3, 30, 0, 0, 0, 0]",1
shmishra99,"[0, 0, 14, 0, 25, 13, 496]",1
pavanimajety,"[1, 3, 6, 0, 2, 7, 43]",1
eqy,"[13, 148, 57, 0, 12, 34, 226]",1
megies,"[43, 63, 82, 14, 18, 28, 577]",1
Edmond-J-A,"[1, 1, 23, 16, 32, 5, 140]",1
quasilyte,"[165, 2603, 100, 2, 3, 69, 1762]",1
nglee,"[3, 8, 31, 3, 4, 1, 14]",1
dstansby,"[30, 62, 100, 4, 11, 79, 3901]",1
lhutton1,"[2, 3, 16, 8, 11, 39, 283]",1
7th-fret,"[0, 0, 7, 0, 0, 1, 21]",1
Dusch4593,"[2, 0, 100, 14, 28, 65, 1263]",1
yonasstephen,"[65, 503, 22, 0, 0, 0, 0]",1
ValentinVignal,"[9, 73, 60, 0, 5, 74, 1708]",1
asenyaev,"[0, 1, 11, 0, 0, 27, 392]",1
Jerry-Ge,"[0, 2, 39, 0, 3, 5, 31]",1
muddi900,"[0, 2, 42, 6, 16, 63, 1869]",1
haziq-khurshid,"[0, 0, 15, 0, 0, 11, 217]",1
Rexios80,"[52, 275, 91, 1, 8, 68, 2818]",1
alexmv,"[11, 21, 86, 0, 8, 42, 2175]",1
desertstsung,"[19, 33, 17, 0, 0, 6, 102]",1
zheddie,"[1, 2, 49, 0, 0, 7, 43]",1
hammiddi,"[1, 0, 10, 0, 0, 19, 366]",1
davisford,"[59, 175, 71, 0, 0, 45, 482]",1
Codier,"[5, 32, 20, 0, 0, 0, 2]",1
mub-pro,"[0, 0, 9, 0, 2, 1, 9]",1
BlackPeter13,"[6, 15, 100, 0, 1, 18, 237]",1
pollfly,"[1, 2, 16, 0, 28, 43, 607]",1
ianhi,"[31, 141, 100, 9, 24, 29, 535]",1
scottchou007,"[0, 0, 2, 0, 0, 0, 4]",1
varghesejose2020,"[3, 0, 100, 0, 6, 14, 157]",1
dahu33,"[0, 2, 24, 0, 1, 2, 15]",1
tsic404,"[0, 0, 100, 9, 13, 52, 1679]",1
piedcipher,"[83, 351, 37, 0, 0, 15, 165]",1
chrisbobbe,"[941, 421, 46, 2, 9, 56, 1110]",1
yockii,"[7, 52, 31, 0, 0, 19, 180]",1
ankitm123,"[3, 3, 100, 0, 1, 49, 990]",1
cbracken,"[36, 135, 73, 5, 8, 52, 738]",1
kaixih,"[11, 24, 28, 0, 1, 28, 349]",1
fcoUnda,"[0, 0, 3, 0, 2, 5, 27]",1
DevilsAutumn,"[26, 6, 24, 0, 3, 12, 129]",1
Grelo4ka,"[0, 0, 1, 0, 3, 4, 40]",1
scottjones03,"[1, 15, 9, 0, 0, 7, 109]",1
MrVinyla,"[0, 0, 1, 1, 8, 2, 20]",1
realmosn,"[0, 0, 5, 0, 0, 0, 8]",1
xavfernandez,"[0, 1, 50, 11, 22, 26, 562]",1
linzworld,"[22, 42, 36, 0, 0, 0, 2]",1
zchrissirhcz,"[232, 1220, 40, 0, 8, 44, 839]",1
ramasilveyra,"[43, 324, 100, 0, 0, 30, 321]",1
bayrinat,"[1, 3, 18, 0, 0, 2, 17]",1
dbischof,"[4, 7, 11, 0, 1, 0, 4]",1
jeanschmidt,"[1, 0, 6, 9, 20, 29, 407]",1
sgoroshko,"[0, 0, 11, 0, 0, 0, 0]",1
joshbarrass,"[6, 37, 94, 0, 3, 25, 503]",1
stefan-spiss,"[8, 13, 16, 0, 0, 6, 60]",1
msaroufim,"[80, 575, 100, 5, 12, 66, 853]",1
linlifan,"[0, 0, 18, 0, 0, 7, 44]",1
pelme,"[65, 219, 22, 0, 0, 5, 44]",1
