user,status
varun-TR,0
Wanzizhu,0
peterjc123,0
kserz,0
abock,0
LorenzoGalassi,0
AyanmoI,0
hemansnation,0
kunalb,0
NmomoN,0
freedomtan,0
nikitaved,0
neginraoof,0
ZhongYingMatrix,0
caizhi-mt,0
cyyever,0
leslie-fang-intel,0
titaiwangms,0
tfunatomi,0
jianyuh,0
Layconnn,0
nkaretnikov,0
jlblancoc,0
fegin,0
Aidyn-A,0
lw,0
swolchok,0
vors,0
mohamedmohamedy,0
t-vi,0
zasdfgbnm,0
jaskirat8,0
kittipatv,0
goldsborough,0
apaszke,0
simonseo,0
urikz,0
sywangyi,0
catap,0
vkuzo,0
shunting314,0
jamesr66a,0
RohitSgh,0
kevleyski,0
Erick-Sula,0
jperezrua,0
xwang233,0
egienvalue,0
anijain2305,0
khnaba,0
LeszekSwirski,0
gottbrath,0
kiersten-stokes,0
xianjiec,0
JanobRais,0
seemethere,0
lezcano,0
nickgg,0
eellison,0
BowenBao,0
xuzhao9,0
vspenubarthi,0
laolaolulu,0
ejguan,0
Sidd1609,0
pearu,0
migeed-z,0
pagolu-poojitha1,0
mdim,0
shingjan,0
mega-optimus,0
DEKHTIARJonathan,0
prattmic,0
kushanam,0
dzdang,0
mugeshraj11,0
ChipKerchner,0
IFLyer,0
dhood,0
amroamroamro,0
ppiskorski,0
yewentao256,0
huiguoo,0
stsouko,0
slayton58,0
jovany-wang,0
yanboliang,0
xush6528,0
JacobSzwejbka,0
buptzyb,0
gmagogsfm,0
rohitgirdhar,0
koraykv,0
fmassa,0
ifedan,0
navahgar,0
HDCharles,0
Lilyjjo,0
uwinsoftware,0
ydwu4,0
manuelcandales,0
superman32432432,0
anderspapitto,0
AkhilThaneeru,0
rob-guo,0
heitorschueroff,0
marvins,0
elmarb,0
rusty1s,0
sujoysaraswati,0
colesbury,0
yuguo68,0
Rittzz,0
jansel,0
VirrageS,0
842974287,0
PkLab,0
duc0,0
bonysureliya,0
andy-held,0
d1jang,0
Change-m,0
salilsdesai,0
IvanKobzarev,0
onnxbot,0
huningxin,0
aritzlc,0
ilysenkov,0
andrewor14,0
yifuwang,0
izdeby,0
dsr-lab,0
georgthegreat,0
jerryzh168,0
jjsjann123,0
burhonjonturdaliyev,0
nairbv,0
killeent,0
anjali411,0
clee2000,0
mzajko,0
gravityknife,0
XDaoHong,0
ajindal1,0
zhxchen17,0
rbdlabhaifa,0
TamirCohen,0
zhuhaozhe,0
danielenricocahall,0
XiaobingSuper,0
shrikantnagori,0
yashdv,0
pytorchmergebot,0
ashay,0
jbschlosser,0
skarakulak,0
JiaruiKu,0
facebook-github-bot,0
wbigat,0
penguin-wwy,0
peterbell10,0
pjh5,0
zhouzaida,0
dhruvbird,0
xiaomengy,0
AbsolytnaiaLove,0
masamitsu-murase,0
ivan-korolev,0
salexspb,0
aazzolini,0
ilia-cher,0
dllehr-amd,0
viswanathgs,0
guspan-tanadi,0
ArkadiuszRaj,0
maksqwe,0
ZainRizvi,0
dirkgr,0
ptrblck,0
jjlilley,0
emchristiansen,0
penpornk,0
thomasjpfan,0
suo,0
Yangqing,0
aadedunmola,0
dskhudia,0
vivekkhandelwal1,0
elgrhy,0
qihqi,0
IshankGulati,0
pepompeu,0
ashishkrshrivastava,0
mikeiovine,0
supriyar,0
vmirly,0
heidongxianhua,0
awgu,0
akshaya-hub,0
dagitses,0
parson-harness,0
mingfeima,0
redwrasse,0
froody,0
tiruk007,0
ysiraichi,0
frost-intel,0
Happy-Bang,0
cesarbrunoms,0
dreiss,0
osalpekar,0
VitalyFedyunin,0
yf225,0
AbhisekOmkar,0
kobigurk,0
drisspg,0
Chillee,0
justinchuby,0
Skylion007,0
wconstab,0
thkim1011,1
alvoron,1
htoor3,1
moffatman,1
jjhbriggs,1
phlippieb-discovery,1
i-chaochen,1
polina-c,1
terryheo,1
asenyaev,1
shmishra99,1
nrwahl2,1
CSBVision,1
rogday,1
yeatse,1
kiszk,1
r2d3,1
samypr100,1
DavidKorczynski,1
ezyang,1
fcoUnda,1
learning-to-play,1
labeeb-7z,1
fengyuentau,1
jzhoulon,1
sachinprasadhs,1
engine-flutter-autoroll,1
synandi,1
hzcyf,1
DamonFool,1
r-barnes,1
QuncCccccc,1
RoboTux,1
venkat2469,1
jeanschmidt,1
fluttergithubbot,1
apach301,1
agramesh1,1
klchiu,1
ZhaoChuyang,1
mcr229,1
ibaiGorordo,1
christopherfujino,1
mshabunin,1
cudawarped,1
crcrpar,1
benbarsdell,1
hanliutong,1
jspricke,1
cpuhrsch,1
kurtamohler,1
fwcd,1
JopKnoppers,1
KKimj,1
Vertexwahn,1
peri044,1
laitingsheng,1
andrewkolos,1
pjpratik,1
Piinks,1
bartekpacia,1
TahaTesser,1
jcollins-g,1
arvinwli,1
nouiz,1
Hixie,1
cfRod,1
itsjustkevin,1
hzawary,1
tintou,1
VadimLevin,1
Isydmr,1
mlazos,1
paroj,1
heavyrain-lzy,1
TolyaTalamanov,1
smeng9,1
srujzs,1
philipphack,1
ShengYang1,1
dkurt,1
justinmc,1
aboubezari,1
vovka643,1
Xxfore,1
LongCatIsLooong,1
kevmoo,1
gzmkl,1
eracah,1
lukasalexanderweber,1
changh95,1
kianelbo,1
tkram01,1
smirnov-alexey,1
Anas35,1
mateusztabaka,1
xcc3641,1
zchrissirhcz,1
catree,1
bu3w,1
erasta,1
awsaf49,1
jiayisunx,1
inayd,1
SuryanarayanaY,1
XuehaiPan,1
y-guyon,1
angelayi,1
sanadani,1
scottchou007,1
D-Alex,1
houseroad,1
tomoaki0705,1
skye,1
cpoerschke,1
vicsyl,1
nSircombe,1
klatism,1
kallaballa,1
bleroux,1
othakkar,1
cyanglaz,1
vinila21,1
dnfield,1
seanm,1
elfringham,1
SergeyIvanov87,1
Biswa96,1
stefan-spiss,1
dmatveev,1
gspencergoog,1
godofredoc,1
tensorflow-jenkins,1
bdhirsh,1
komakai,1
eliasyishak,1
su77ungr,1
p12tic,1
wenscarl,1
H-Huang,1
MaximMilashchenko,1
katre,1
gaikwadrahul8,1
Flamefire,1
crackwitz,1
zhouzq-thu,1
ShuaiShao93,1
yaakovschectman,1
shelper,1
joesho112358,1
danopdev,1
idstein,1
keyonghan,1
Glutamat42,1
avoskoboinyk-lohika,1
whuaegeanse,1
trevor-m,1
soulitzer,1
Jerry-Ge,1
yongtang,1
Young768,1
ocpalo,1
zihaomu,1
sashashura,1
pak-laura,1
zou3519,1
LucasLLC,1
partheee,1
xu-baolin,1
cabelo,1
siilats,1
alalek,1
AleksandrPanov,1
yimeisun123,1
cantonios,1
ngimel,1
mattbahr,1
savuor,1
lhutton1,1
CSharperMantle,1
stefan523,1
devashishshankar,1
Harvey-Huang,1
kshitij12345,1
scorpiozj,1
zanderso,1
snadampal,1
Kumataro,1
kulinseth,1
kit1980,1
gr8jam,1
chunduriv,1
malfet,1
zdevito,1
sunshinemyson,1
mreso,1
rino20,1
ymodak,1
ingomueller-net,1
Wwupup,1
xoiga123,1
ivashmak,1
vpisarev,1
HansMuller,1
joefernandez,1
gaurides,1
lilithgrigoryan,1
atalman,1
kun-lu20,1
asmorkalov,1
stopmosk,1
jonahwilliams,1
hawkinsp,1
goderbauer,1
WanliZhong,1
natebosch,1
tozanski,1
Renzo-Olivares,1
vrabaud,1
dan-masek,1
jmagman,1
tailsu,1
donaldong,1
AlejandroSilvestri,1
ramasilveyra,1
TsingYiPainter,1
rprasanth,1
fzyzcjy,1
Tai78641,1
mdfaijul,1
Tixxx,1
chunhtai,1
nluehr,1
jpienaar,1
neg-c,1
eyebrowsoffire,1
NivekT,1
feuerste,1
ClayXrex,1
mizo,1
kwanghoon-meta,1
mahmoud-abuzaina,1
gmbows,1
ryw,1
sachinmuradi,1
reunanen,1
anna-khakimova,1
Ichini24,1
reidbaker,1
mihaimaruseac,1
andrewjcg,1
hflemmen,1
sturkmen72,1
kaixih,1
chinery,1
CaseyHillers,1
XPhyro,1
BlackPeter13,1
ValentinVignal,1
lilohuang,1
tatwaichong,1
eqy,1
piedcipher,1
longnguyen2004,1
pavanimajety,1